Date,Time,Open,High,Low,Close,Volume
1/25/2018,09:15:00,11096,11101,11070.9,11073.05,88800
1/25/2018,09:16:00,11073.25,11078.25,11068.9,11077.15,62700
1/25/2018,09:17:00,11078,11078,11072.6,11077.5,86325
1/25/2018,09:18:00,11077.5,11086.3,11075.85,11086.3,80400
1/25/2018,09:19:00,11084.15,11087.35,11081.8,11082.1,32325
1/25/2018,09:20:00,11082.9,11082.9,11075,11081.95,77175
1/25/2018,09:21:00,11082,11087.65,11081.05,11086.95,97050
1/25/2018,09:22:00,11086,11086,11080.1,11083.25,38850
1/25/2018,09:23:00,11083.25,11084,11077.05,11078.5,32175
1/25/2018,09:24:00,11075.15,11075.35,11073.35,11075.35,54450
1/25/2018,09:25:00,11075.2,11081.3,11073.95,11076.95,57675
1/25/2018,09:26:00,11075.95,11080,11075.6,11076.3,45600
1/25/2018,09:27:00,11077,11080,11076.1,11078.3,44175
1/25/2018,09:28:00,11078.3,11078.35,11075,11076.05,51900
1/25/2018,09:29:00,11076.2,11079.95,11075.15,11078.5,45450
1/25/2018,09:30:00,11078.5,11079.45,11075,11076.6,40275
1/25/2018,09:31:00,11076.55,11079.55,11075.4,11079,20100
1/25/2018,09:32:00,11079,11081,11077.4,11077.95,42300
1/25/2018,09:33:00,11077.5,11078.95,11075,11075,40050
1/25/2018,09:34:00,11075,11076.05,11072.75,11073,73125
1/25/2018,09:35:00,11072.1,11072.75,11068,11068,62475
1/25/2018,09:36:00,11068,11073,11067.05,11072.95,66525
1/25/2018,09:37:00,11072.9,11072.9,11069,11069.15,64500
1/25/2018,09:38:00,11069.45,11069.95,11063.2,11066,65100
1/25/2018,09:39:00,11065.5,11071.85,11065,11071.85,58950
1/25/2018,09:40:00,11068.55,11070.3,11067,11069.05,22650
1/25/2018,09:41:00,11069.05,11073,11068,11073,26775
1/25/2018,09:42:00,11072.95,11074,11071,11074,19050
1/25/2018,09:43:00,11074,11076.7,11073.1,11076.05,36450
1/25/2018,09:44:00,11076.05,11077.4,11075,11076.95,15375
1/25/2018,09:45:00,11076.75,11076.95,11074.05,11074.95,21900
1/25/2018,09:46:00,11075.15,11079.35,11075.05,11079.35,26925
1/25/2018,09:47:00,11079.35,11082.85,11078.5,11081,33900
1/25/2018,09:48:00,11080.05,11080.7,11078.55,11078.9,17850
1/25/2018,09:49:00,11078.9,11079.45,11078.4,11079.4,25575
1/25/2018,09:50:00,11079.4,11082.05,11078.85,11082,46650
1/25/2018,09:51:00,11082.3,11083.5,11082.1,11083.1,41850
1/25/2018,09:52:00,11083.1,11084.45,11082.1,11082.1,37575
1/25/2018,09:53:00,11082.1,11082.75,11080.1,11081.95,42225
1/25/2018,09:54:00,11079.25,11081.8,11079.25,11081.55,32400
1/25/2018,09:55:00,11081.55,11083.7,11081.55,11083.35,27825
1/25/2018,09:56:00,11083.35,11088,11083.35,11087,51750
1/25/2018,09:57:00,11087,11089.85,11083.35,11083.35,44775
1/25/2018,09:58:00,11083.35,11086.4,11083.35,11085.1,19050
1/25/2018,09:59:00,11085.4,11085.4,11083.55,11085.3,33225
1/25/2018,10:00:00,11085.85,11087.65,11085.75,11087.05,45300
1/25/2018,10:01:00,11087.6,11088.9,11085,11086.2,69300
1/25/2018,10:02:00,11086.2,11086.45,11082.35,11082.65,30900
1/25/2018,10:03:00,11082.75,11083.5,11078.05,11080.15,34500
1/25/2018,10:04:00,11080.15,11081.2,11079.05,11079.2,26475
1/25/2018,10:05:00,11079.05,11083.95,11079.05,11082.75,37725
1/25/2018,10:06:00,11082.75,11084.6,11081,11083.1,20400
1/25/2018,10:07:00,11082.55,11083.45,11082.2,11082.95,45000
1/25/2018,10:08:00,11082.2,11082.95,11081,11081.45,35700
1/25/2018,10:09:00,11081.1,11081.85,11077.35,11077.65,35550
1/25/2018,10:10:00,11077.35,11081.5,11076.5,11081.25,23250
1/25/2018,10:11:00,11081.25,11082.4,11081,11082.25,18750
1/25/2018,10:12:00,11082.25,11084.7,11081.7,11084.7,17175
1/25/2018,10:13:00,11084.55,11084.55,11083.25,11083.95,26625
1/25/2018,10:14:00,11084.05,11085.85,11084,11084.4,34050
1/25/2018,10:15:00,11084.4,11085.55,11084.2,11084.95,26175
1/25/2018,10:16:00,11085,11086.05,11084.95,11085,36600
1/25/2018,10:17:00,11085,11085,11080,11081.85,34950
1/25/2018,10:18:00,11081,11084.8,11081,11081.95,23925
1/25/2018,10:19:00,11081.95,11082.45,11080.05,11081,58725
1/25/2018,10:20:00,11081,11082.05,11080.1,11082.05,24150
1/25/2018,10:21:00,11082.05,11083,11081,11082,41475
1/25/2018,10:22:00,11082,11082.9,11080,11080.15,44475
1/25/2018,10:23:00,11081,11082,11080,11080.3,28050
1/25/2018,10:24:00,11080.3,11082.3,11079,11081,25725
1/25/2018,10:25:00,11081,11082.3,11079,11081.6,36225
1/25/2018,10:26:00,11081.6,11081.9,11079,11079,33450
1/25/2018,10:27:00,11079,11080,11076,11077.1,25425
1/25/2018,10:28:00,11077.7,11078.55,11075.85,11077,15225
1/25/2018,10:29:00,11077.9,11077.9,11076.4,11077.6,17550
1/25/2018,10:30:00,11077.8,11077.8,11074.85,11074.85,31650
1/25/2018,10:31:00,11074.9,11074.9,11071.05,11073.6,33000
1/25/2018,10:32:00,11073.05,11076.65,11073,11075,32775
1/25/2018,10:33:00,11076.45,11077.1,11074.95,11077.1,13275
1/25/2018,10:34:00,11077.1,11078.2,11077,11077.4,18225
1/25/2018,10:35:00,11076.8,11077.85,11075.25,11076.65,38325
1/25/2018,10:36:00,11076.65,11076.85,11075.1,11076.85,17025
1/25/2018,10:37:00,11076.5,11076.75,11075.3,11075.45,21375
1/25/2018,10:38:00,11075.45,11076.2,11073.7,11073.7,41100
1/25/2018,10:39:00,11073.95,11074.2,11070.7,11073,52500
1/25/2018,10:40:00,11072,11073.4,11071.4,11073.3,37350
1/25/2018,10:41:00,11073.3,11075.25,11072.25,11075.25,39600
1/25/2018,10:42:00,11075.25,11076.95,11075.25,11076.45,21450
1/25/2018,10:43:00,11076.45,11077.8,11075.5,11076.6,37050
1/25/2018,10:44:00,11076.05,11077.05,11075.55,11076.8,43125
1/25/2018,10:45:00,11076.8,11077.85,11076.7,11077.55,31125
1/25/2018,10:46:00,11077.55,11077.55,11076.1,11076.45,39675
1/25/2018,10:47:00,11076.45,11076.45,11073,11075.25,42375
1/25/2018,10:48:00,11075.25,11075.25,11073.1,11074.1,40725
1/25/2018,10:49:00,11073.85,11074.1,11072.1,11072.1,45750
1/25/2018,10:50:00,11072.1,11074.95,11072.05,11074.05,23100
1/25/2018,10:51:00,11074.8,11075,11074.25,11074.25,34125
1/25/2018,10:52:00,11074.25,11075.25,11074.1,11075.1,24675
1/25/2018,10:53:00,11075.1,11076.5,11075.1,11076.05,27225
1/25/2018,10:54:00,11076,11076,11075,11075.15,37125
1/25/2018,10:55:00,11075.15,11076,11074,11074.5,41025
1/25/2018,10:56:00,11074.55,11074.55,11073.05,11073.1,30225
1/25/2018,10:57:00,11073.45,11074.95,11073.45,11074.3,24600
1/25/2018,10:58:00,11074.3,11074.95,11073.05,11074.75,19125
1/25/2018,10:59:00,11074.75,11074.95,11066.6,11068.55,35025
1/25/2018,11:00:00,11069.05,11071.95,11068.05,11070,39675
1/25/2018,11:01:00,11069.8,11070,11068.5,11069.1,37200
1/25/2018,11:02:00,11068.3,11068.3,11064.65,11064.85,86475
1/25/2018,11:03:00,11064.65,11066.65,11062,11066.65,94200
1/25/2018,11:04:00,11066.65,11069.4,11066.1,11068,25875
1/25/2018,11:05:00,11068.05,11068.05,11066.5,11068.05,22275
1/25/2018,11:06:00,11067.55,11068.65,11067,11068.05,42225
1/25/2018,11:07:00,11068.05,11068.2,11067.2,11068.05,30525
1/25/2018,11:08:00,11068.2,11068.65,11066.55,11066.55,38925
1/25/2018,11:09:00,11066.55,11067.1,11061,11061.35,65925
1/25/2018,11:10:00,11061.1,11063.6,11060.05,11062.6,68250
1/25/2018,11:11:00,11062.6,11068,11062.15,11066,43275
1/25/2018,11:12:00,11066,11068.1,11065.65,11065.7,14025
1/25/2018,11:13:00,11065.85,11066.9,11062.5,11063.9,22875
1/25/2018,11:14:00,11063.9,11064,11061.15,11061.6,52500
1/25/2018,11:15:00,11061.6,11062.65,11057,11057.6,83100
1/25/2018,11:16:00,11058.75,11061.25,11054,11054.7,66075
1/25/2018,11:17:00,11055,11056.45,11050.35,11051.75,74625
1/25/2018,11:18:00,11050.6,11053.7,11046.45,11053.7,94875
1/25/2018,11:19:00,11053.7,11059.75,11053,11059.75,41625
1/25/2018,11:20:00,11059.15,11060.05,11057,11057,56250
1/25/2018,11:21:00,11057,11061.1,11057,11060.6,43050
1/25/2018,11:22:00,11060.6,11063.8,11060.05,11060.05,35025
1/25/2018,11:23:00,11061,11064.75,11060.95,11064.75,58800
1/25/2018,11:24:00,11064.75,11064.75,11062.5,11062.5,34275
1/25/2018,11:25:00,11062.55,11068,11062.55,11067.65,54375
1/25/2018,11:26:00,11067.75,11067.75,11063,11064,39750
1/25/2018,11:27:00,11064,11066.5,11063,11065.95,84825
1/25/2018,11:28:00,11065.85,11066,11062.15,11063.2,64875
1/25/2018,11:29:00,11063,11066.25,11063,11066,70425
1/25/2018,11:30:00,11066.05,11067.3,11064.6,11067,71700
1/25/2018,11:31:00,11066.65,11067.45,11066.05,11066.2,26325
1/25/2018,11:32:00,11067,11067,11064.45,11065.6,52500
1/25/2018,11:33:00,11065.6,11067,11064.8,11064.8,51150
1/25/2018,11:34:00,11064.75,11066,11062.2,11063.55,61725
1/25/2018,11:35:00,11063.3,11065,11063.2,11064,26550
1/25/2018,11:36:00,11064,11066,11062,11062,50175
1/25/2018,11:37:00,11062.9,11064.45,11062,11063.25,42075
1/25/2018,11:38:00,11063,11063,11058.3,11060.8,61200
1/25/2018,11:39:00,11060.5,11062,11058.55,11060,20250
1/25/2018,11:40:00,11060.05,11062,11058.75,11061.05,62250
1/25/2018,11:41:00,11062.5,11064,11061.55,11063,39825
1/25/2018,11:42:00,11063,11063.95,11061,11061.5,22575
1/25/2018,11:43:00,11061,11064.45,11060.95,11062,18225
1/25/2018,11:44:00,11062.4,11063.35,11061.75,11063.35,15975
1/25/2018,11:45:00,11063.35,11064.3,11062.15,11063.9,29850
1/25/2018,11:46:00,11063.9,11066,11062.85,11064.85,41325
1/25/2018,11:47:00,11064.85,11067.25,11064.85,11065.4,19425
1/25/2018,11:48:00,11065.4,11066.15,11064.6,11066,21375
1/25/2018,11:49:00,11066,11067.1,11064.2,11064.95,47700
1/25/2018,11:50:00,11064.95,11067.8,11064.25,11067,27525
1/25/2018,11:51:00,11067,11069,11066.45,11068.95,54975
1/25/2018,11:52:00,11068.95,11069.4,11067.75,11068.35,19575
1/25/2018,11:53:00,11067.95,11069,11067.95,11069,30825
1/25/2018,11:54:00,11069,11069.95,11068,11068.65,48075
1/25/2018,11:55:00,11069.05,11071.35,11068.15,11069.65,31950
1/25/2018,11:56:00,11069.65,11070.5,11068.1,11069,83850
1/25/2018,11:57:00,11069,11069.05,11066,11067.75,39450
1/25/2018,11:58:00,11067.75,11068.3,11066.05,11067.4,61275
1/25/2018,11:59:00,11067.4,11067.4,11065,11067,36825
1/25/2018,12:00:00,11067.7,11068.1,11066,11066.15,31425
1/25/2018,12:01:00,11066.25,11067,11065.2,11065.2,50400
1/25/2018,12:02:00,11066.05,11066.65,11066,11066,47475
1/25/2018,12:03:00,11066.15,11067,11066,11066,38100
1/25/2018,12:04:00,11066,11066.1,11064.65,11065.6,15900
1/25/2018,12:05:00,11065.6,11066.45,11063.7,11064.1,167250
1/25/2018,12:06:00,11064.5,11064.95,11062.25,11064.95,91500
1/25/2018,12:07:00,11064.95,11065.8,11063.4,11064.65,36450
1/25/2018,12:08:00,11064.65,11065.65,11064.05,11065.2,39675
1/25/2018,12:09:00,11065.15,11066.2,11064.05,11066,29100
1/25/2018,12:10:00,11065.55,11065.8,11063.4,11063.5,30975
1/25/2018,12:11:00,11063.55,11064.6,11062.5,11064,37500
1/25/2018,12:12:00,11064,11064.45,11061.9,11062.2,30600
1/25/2018,12:13:00,11062.15,11063,11061,11063,16275
1/25/2018,12:14:00,11063,11063,11061,11061.8,22050
1/25/2018,12:15:00,11061.8,11063.9,11061,11062.15,15750
1/25/2018,12:16:00,11062.15,11063,11061.6,11061.65,10350
1/25/2018,12:17:00,11062.95,11063.75,11061.2,11062.85,31125
1/25/2018,12:18:00,11062.85,11062.85,11057,11057.9,36975
1/25/2018,12:19:00,11057.9,11059.85,11057.2,11058,33225
1/25/2018,12:20:00,11058.45,11058.7,11055.05,11055.15,50775
1/25/2018,12:21:00,11055.15,11058,11055,11056.05,64950
1/25/2018,12:22:00,11056.05,11056.05,11051,11052.3,59100
1/25/2018,12:23:00,11052.3,11055.9,11052.3,11055,62625
1/25/2018,12:24:00,11056.4,11057,11054,11054.25,36975
1/25/2018,12:25:00,11055.1,11057.7,11054.05,11057.6,25350
1/25/2018,12:26:00,11057.25,11058.2,11056.45,11057.7,34275
1/25/2018,12:27:00,11057.7,11061.2,11057.2,11058.1,89100
1/25/2018,12:28:00,11058.5,11058.65,11056,11056.15,71475
1/25/2018,12:29:00,11056.15,11056.15,11053.8,11054.95,23625
1/25/2018,12:30:00,11055,11058.65,11054.65,11056.95,35325
1/25/2018,12:31:00,11056.95,11057.1,11054,11055.35,52350
1/25/2018,12:32:00,11055.35,11056.75,11053.5,11054.5,53925
1/25/2018,12:33:00,11055,11056.85,11053.55,11054.4,28725
1/25/2018,12:34:00,11054,11057.75,11053.45,11056,35850
1/25/2018,12:35:00,11056,11058,11055,11056.05,33600
1/25/2018,12:36:00,11056.05,11058.3,11056.05,11058.3,30300
1/25/2018,12:37:00,11057.9,11059.9,11057.9,11058.6,25350
1/25/2018,12:38:00,11058,11058.7,11055.5,11058,42525
1/25/2018,12:39:00,11058,11058.3,11053.3,11053.4,35025
1/25/2018,12:40:00,11053.35,11055.65,11050.05,11050.2,24975
1/25/2018,12:41:00,11050,11053.9,11050,11051.05,38550
1/25/2018,12:42:00,11051.05,11051.95,11047,11047.7,98850
1/25/2018,12:43:00,11047,11049,11045.05,11048.4,36525
1/25/2018,12:44:00,11047.9,11052.7,11046.6,11052.6,24150
1/25/2018,12:45:00,11052,11053.9,11052,11052.5,22050
1/25/2018,12:46:00,11052.3,11056.8,11052.3,11056,29100
1/25/2018,12:47:00,11056.65,11057.75,11055.85,11056.2,20475
1/25/2018,12:48:00,11056.15,11058.9,11055.05,11058.7,30750
1/25/2018,12:49:00,11058.7,11059,11057.5,11058.1,39900
1/25/2018,12:50:00,11059,11060.3,11058,11058.2,23025
1/25/2018,12:51:00,11058.9,11058.9,11055.7,11055.7,30075
1/25/2018,12:52:00,11056.05,11057,11054.1,11057,81300
1/25/2018,12:53:00,11057,11057.45,11055,11055.75,35175
1/25/2018,12:54:00,11055.95,11056.8,11055,11055.2,18150
1/25/2018,12:55:00,11056.55,11056.7,11054.2,11054.2,23700
1/25/2018,12:56:00,11055.65,11055.75,11054.15,11054.4,19050
1/25/2018,12:57:00,11053,11054,11051.8,11053.75,22950
1/25/2018,12:58:00,11054,11054.95,11053,11054.65,21225
1/25/2018,12:59:00,11054.4,11055,11052.55,11053.95,15975
1/25/2018,13:00:00,11053.95,11056,11053.2,11055.75,17325
1/25/2018,13:01:00,11055.8,11056.95,11055.1,11056.5,22125
1/25/2018,13:02:00,11056.5,11056.9,11055.8,11056.9,15150
1/25/2018,13:03:00,11056.95,11059.8,11056.95,11059.3,23025
1/25/2018,13:04:00,11059.45,11059.45,11052.85,11053.3,37725
1/25/2018,13:05:00,11053.3,11055.3,11053.15,11054.45,15675
1/25/2018,13:06:00,11054,11056,11053.9,11055.25,12075
1/25/2018,13:07:00,11055.2,11055.3,11052.8,11053.05,19350
1/25/2018,13:08:00,11053.45,11055,11052.25,11053.1,8175
1/25/2018,13:09:00,11053.1,11053.35,11050.1,11052.15,27375
1/25/2018,13:10:00,11051,11051.55,11041,11044.95,109050
1/25/2018,13:11:00,11045.7,11046.65,11035.25,11038.35,115950
1/25/2018,13:12:00,11039,11041.7,11036,11037.25,51075
1/25/2018,13:13:00,11037.3,11040.65,11036,11038.05,42300
1/25/2018,13:14:00,11038.5,11040,11033.15,11034.05,57600
1/25/2018,13:15:00,11033.85,11037.45,11032,11037.45,58575
1/25/2018,13:16:00,11038,11041.6,11036.85,11037.6,34050
1/25/2018,13:17:00,11037.1,11040.2,11037,11038.4,39075
1/25/2018,13:18:00,11038.4,11038.5,11035,11037.25,44475
1/25/2018,13:19:00,11036.8,11037.4,11031.3,11033.75,46050
1/25/2018,13:20:00,11033.6,11039.3,11033,11039.3,37725
1/25/2018,13:21:00,11039.5,11041,11037,11038.5,41850
1/25/2018,13:22:00,11035.95,11037,11035.7,11036.8,42075
1/25/2018,13:23:00,11036.8,11043,11036,11043,38475
1/25/2018,13:24:00,11042.9,11043.5,11038.5,11039.85,27750
1/25/2018,13:25:00,11039.85,11042.85,11039.85,11042,36750
1/25/2018,13:26:00,11042,11042,11036,11037,25125
1/25/2018,13:27:00,11036.7,11036.95,11034.15,11035.05,43125
1/25/2018,13:28:00,11035.05,11036,11032.55,11033.5,43200
1/25/2018,13:29:00,11034.3,11034.4,11027.3,11030.85,77925
1/25/2018,13:30:00,11030.8,11031.75,11027.65,11030,57825
1/25/2018,13:31:00,11029.8,11034.9,11029,11034,40650
1/25/2018,13:32:00,11033.25,11035.4,11029.45,11030.5,53625
1/25/2018,13:33:00,11031.75,11031.95,11022,11024,86175
1/25/2018,13:34:00,11024.7,11024.7,11018.45,11020,92775
1/25/2018,13:35:00,11020.05,11023.05,11018.85,11019.2,68550
1/25/2018,13:36:00,11019.2,11025.4,11018,11024,55575
1/25/2018,13:37:00,11024.55,11024.55,11020,11021.5,33000
1/25/2018,13:38:00,11021.6,11021.6,11011.3,11015.1,104025
1/25/2018,13:39:00,11015.1,11019.35,11011.05,11019.35,86850
1/25/2018,13:40:00,11019.9,11021.7,11016.9,11017,60600
1/25/2018,13:41:00,11017,11021.9,11016.25,11021.05,54000
1/25/2018,13:42:00,11021.05,11022.55,11018.45,11022.25,77250
1/25/2018,13:43:00,11021.6,11026.95,11021.6,11025,116100
1/25/2018,13:44:00,11025.9,11027.05,11024.4,11027,70875
1/25/2018,13:45:00,11026,11031.6,11023.35,11030.9,52575
1/25/2018,13:46:00,11033,11038.2,11031,11038.2,54300
1/25/2018,13:47:00,11037.2,11037.5,11032.75,11036,71850
1/25/2018,13:48:00,11036.8,11037.75,11032.1,11032.35,57900
1/25/2018,13:49:00,11033.15,11035.9,11032,11035.9,38250
1/25/2018,13:50:00,11035,11043.6,11034.25,11043.6,50625
1/25/2018,13:51:00,11043.15,11047.55,11041.95,11047.25,116100
1/25/2018,13:52:00,11047.85,11047.9,11045.05,11045.5,67650
1/25/2018,13:53:00,11045.5,11048.95,11042.55,11048.3,67125
1/25/2018,13:54:00,11053.65,11060.3,11053.65,11059.65,131175
1/25/2018,13:55:00,11059.65,11061.7,11057.05,11057.05,92025
1/25/2018,13:56:00,11056.9,11061.9,11055.9,11056.4,68925
1/25/2018,13:57:00,11056.5,11066,11056.5,11066,82875
1/25/2018,13:58:00,11066,11066.95,11062,11062,80400
1/25/2018,13:59:00,11062,11062,11056.45,11062,105600
1/25/2018,14:00:00,11062,11062.45,11057.55,11061.1,50700
1/25/2018,14:01:00,11061.15,11061.75,11056.9,11056.9,50250
1/25/2018,14:02:00,11056.25,11056.95,11049.85,11053,69375
1/25/2018,14:03:00,11055.1,11061,11053,11054,61500
1/25/2018,14:04:00,11055.9,11058.35,11053.1,11057.55,60600
1/25/2018,14:05:00,11058.05,11063.95,11057.9,11060.05,119325
1/25/2018,14:06:00,11060.2,11064,11057.3,11062.8,58950
1/25/2018,14:07:00,11062.5,11063.9,11059.1,11059.7,44925
1/25/2018,14:08:00,11058.85,11063.75,11058.4,11060.65,52275
1/25/2018,14:09:00,11060.35,11063.5,11057.8,11062,33075
1/25/2018,14:10:00,11061.5,11063,11058.05,11061,47550
1/25/2018,14:11:00,11061.1,11064,11059.05,11064,44625
1/25/2018,14:12:00,11064,11065.1,11062,11065.1,38400
1/25/2018,14:13:00,11065.65,11075.35,11064.6,11075.35,162750
1/25/2018,14:14:00,11075,11077,11072,11072,75900
1/25/2018,14:15:00,11071.55,11071.55,11066,11067,51975
1/25/2018,14:16:00,11067,11068.95,11064.05,11065.05,40800
1/25/2018,14:17:00,11065,11067.8,11062.9,11064.1,42900
1/25/2018,14:18:00,11065,11066.25,11060.75,11063,46725
1/25/2018,14:19:00,11062,11062,11058.55,11059.65,52950
1/25/2018,14:20:00,11058.6,11061.8,11056.2,11057.5,48300
1/25/2018,14:21:00,11055.35,11057,11050.15,11050.25,79650
1/25/2018,14:22:00,11049,11052.2,11048.1,11049.35,34425
1/25/2018,14:23:00,11048.9,11053,11047.5,11050.6,38625
1/25/2018,14:24:00,11051.3,11054.6,11047.85,11052.5,57075
1/25/2018,14:25:00,11050.05,11055.2,11050.05,11055.2,50775
1/25/2018,14:26:00,11054.05,11056.15,11051.05,11054.15,45375
1/25/2018,14:27:00,11054.15,11056.15,11052.7,11053.55,37875
1/25/2018,14:28:00,11053.55,11055,11050,11051.85,33900
1/25/2018,14:29:00,11051.9,11053.35,11049.8,11052.5,29775
1/25/2018,14:30:00,11052.5,11052.5,11048,11051,34275
1/25/2018,14:31:00,11051,11052.05,11050,11050.5,27750
1/25/2018,14:32:00,11050.65,11055.25,11050.1,11055.25,32100
1/25/2018,14:33:00,11055.25,11057.95,11055.25,11057.95,67350
1/25/2018,14:34:00,11057.95,11057.95,11050,11050.4,45675
1/25/2018,14:35:00,11050,11051,11049.55,11050,50400
1/25/2018,14:36:00,11050,11057,11048.85,11054.1,54000
1/25/2018,14:37:00,11053.9,11053.9,11051,11051.6,28050
1/25/2018,14:38:00,11052.45,11052.7,11051.2,11052.6,20325
1/25/2018,14:39:00,11051.7,11053.85,11048.8,11048.8,44775
1/25/2018,14:40:00,11048.8,11048.8,11040.1,11041.3,69375
1/25/2018,14:41:00,11041.85,11044.75,11040.45,11041.1,43875
1/25/2018,14:42:00,11041,11041.75,11040.05,11041.15,62775
1/25/2018,14:43:00,11041.15,11042,11039,11039,76050
1/25/2018,14:44:00,11038.6,11039.2,11036.8,11037.8,87525
1/25/2018,14:45:00,11041.95,11044.1,11040.05,11043.55,50250
1/25/2018,14:46:00,11043.55,11047.65,11041,11047,53925
1/25/2018,14:47:00,11047.2,11051.45,11045.1,11051,60600
1/25/2018,14:48:00,11051.75,11055.05,11050.65,11051.55,70950
1/25/2018,14:49:00,11051.1,11053.2,11047.75,11048,45525
1/25/2018,14:50:00,11048,11048.5,11045,11046.1,43200
1/25/2018,14:51:00,11046.25,11047.05,11041,11041,40425
1/25/2018,14:52:00,11041,11043.9,11038.7,11042.3,57000
1/25/2018,14:53:00,11042.95,11043.7,11040,11041,37425
1/25/2018,14:54:00,11040,11040.7,11037.05,11040.05,48975
1/25/2018,14:55:00,11040.15,11040.15,11040.15,11040.15,49575
1/25/2018,14:56:00,11040.3,11043.05,11039.3,11043.05,42375
1/25/2018,14:57:00,11043.35,11043.35,11040.3,11041,50475
1/25/2018,14:58:00,11040.9,11046.4,11040.1,11045.9,48300
1/25/2018,14:59:00,11045.9,11052.95,11042.95,11049.3,50325
1/25/2018,15:00:00,11048.15,11048.15,11024,11040.1,322200
1/25/2018,15:01:00,11041.15,11055.05,11041.15,11052.95,149850
1/25/2018,15:02:00,11053.3,11057.45,11047,11056.4,78225
1/25/2018,15:03:00,11056,11067.15,11055.15,11064.75,115275
1/25/2018,15:04:00,11064.9,11066.65,11053.4,11055.85,88125
1/25/2018,15:05:00,11054.8,11063.8,11054.6,11061.05,56325
1/25/2018,15:06:00,11061.95,11068.75,11061.9,11064.8,83700
1/25/2018,15:07:00,11066,11069.75,11064,11069,48825
1/25/2018,15:08:00,11066.9,11072,11066.9,11071.1,98625
1/25/2018,15:09:00,11071.1,11077.8,11071,11077.6,133125
1/25/2018,15:10:00,11077.3,11080.15,11076.1,11076.55,154950
1/25/2018,15:11:00,11075.9,11077.4,11071,11073.9,146325
1/25/2018,15:12:00,11073,11074.1,11069.05,11069.05,120525
1/25/2018,15:13:00,11069.3,11069.65,11067.45,11068.3,76425
1/25/2018,15:14:00,11068.3,11072.05,11068.3,11070.2,54975
1/25/2018,15:15:00,11071.95,11071.95,11065,11069,60375
1/25/2018,15:16:00,11066.5,11070,11065,11070,62250
1/25/2018,15:17:00,11070.75,11072,11068.3,11072,71025
1/25/2018,15:18:00,11070.3,11072.85,11070.2,11070.2,63000
1/25/2018,15:19:00,11070,11071.9,11070,11070.1,55875
1/25/2018,15:20:00,11070.5,11070.65,11069,11070.3,77100
1/25/2018,15:21:00,11070.2,11071.8,11069.95,11071.55,78525
1/25/2018,15:22:00,11071.05,11072,11069.05,11071.8,107100
1/25/2018,15:23:00,11072,11073.4,11071,11073.15,83700
1/25/2018,15:24:00,11072.7,11073,11071.05,11072,99375
1/25/2018,15:25:00,11072.9,11074,11072,11072.5,83025
1/25/2018,15:26:00,11072.9,11073.05,11071.5,11072.75,117750
1/25/2018,15:27:00,11072.8,11072.9,11071.4,11072.3,105675
1/25/2018,15:28:00,11072.25,11072.45,11071.6,11071.65,140850
1/25/2018,15:29:00,11071.85,11072,11070.5,11070.6,117450
1/25/2018,15:30:00,11070.6,11070.6,11070.6,11070.6,0
1/29/2018,09:15:00,11100,11141.25,11080,11112,132525
1/29/2018,09:16:00,11111.2,11113,11110,11112,65325
1/29/2018,09:17:00,11112,11116,11111.15,11114.45,69525
1/29/2018,09:18:00,11113.1,11125,11113.05,11125,69225
1/29/2018,09:19:00,11123,11129.9,11123,11126,65700
1/29/2018,09:20:00,11123.55,11124,11121,11122.95,54600
1/29/2018,09:21:00,11120.2,11121,11117,11118.25,58875
1/29/2018,09:22:00,11119,11121,11116,11116.05,43050
1/29/2018,09:23:00,11118.65,11119.2,11116,11116,27900
1/29/2018,09:24:00,11117.75,11119.45,11117.05,11118.95,34800
1/29/2018,09:25:00,11122,11127,11122,11127,37050
1/29/2018,09:26:00,11132,11134.2,11129.8,11133,71025
1/29/2018,09:27:00,11133.1,11138,11133.1,11136.1,57675
1/29/2018,09:28:00,11136,11136,11133.1,11134.95,45225
1/29/2018,09:29:00,11137,11142,11136,11140.35,49725
1/29/2018,09:30:00,11139.9,11139.9,11135.15,11137,36300
1/29/2018,09:31:00,11137,11140.55,11135.7,11140.55,36675
1/29/2018,09:32:00,11139.95,11139.95,11136.9,11138.55,49050
1/29/2018,09:33:00,11138.55,11139,11135.3,11136.05,41625
1/29/2018,09:34:00,11136.1,11138.2,11132.1,11138.2,54975
1/29/2018,09:35:00,11138.2,11148.9,11138.2,11145,91050
1/29/2018,09:36:00,11143.9,11149,11143.9,11147.45,30300
1/29/2018,09:37:00,11146,11147,11143.55,11146,35175
1/29/2018,09:38:00,11144.3,11146,11140,11140,30600
1/29/2018,09:39:00,11140,11140.95,11137.5,11140.95,30975
1/29/2018,09:40:00,11142.85,11145,11141.25,11143.6,26100
1/29/2018,09:41:00,11143.1,11145,11140.5,11141,20100
1/29/2018,09:42:00,11141.35,11146.05,11141.05,11145.15,43275
1/29/2018,09:43:00,11145.1,11147.8,11145,11146,28200
1/29/2018,09:44:00,11145.2,11146,11143.3,11143.95,23325
1/29/2018,09:45:00,11143.95,11154,11143.05,11149,81300
1/29/2018,09:46:00,11148.45,11150.05,11146.15,11148.4,25425
1/29/2018,09:47:00,11147.1,11148.4,11146.7,11148,23100
1/29/2018,09:48:00,11148,11149.1,11146,11148.95,47400
1/29/2018,09:49:00,11147.2,11151,11144,11144.45,24000
1/29/2018,09:50:00,11144.45,11145,11141.05,11142.4,25050
1/29/2018,09:51:00,11143.95,11143.95,11141.5,11142.35,26475
1/29/2018,09:52:00,11143,11144.2,11142.05,11142.55,12375
1/29/2018,09:53:00,11140.2,11141,11139,11139.1,14850
1/29/2018,09:54:00,11139,11141.95,11139,11139.05,12450
1/29/2018,09:55:00,11139.2,11141,11139,11140.25,21525
1/29/2018,09:56:00,11143.55,11149.9,11143,11148,51600
1/29/2018,09:57:00,11148,11149.4,11144,11144.6,12300
1/29/2018,09:58:00,11148,11148,11146.35,11147.05,11175
1/29/2018,09:59:00,11145.55,11148.8,11145.55,11148.8,10950
1/29/2018,10:00:00,11149.95,11149.95,11145.1,11146,20475
1/29/2018,10:01:00,11147.15,11147.15,11144.7,11145,11475
1/29/2018,10:02:00,11145,11146.65,11144.95,11145,10425
1/29/2018,10:03:00,11147.45,11148,11145.3,11145.3,21150
1/29/2018,10:04:00,11145.3,11148,11145.3,11147.45,11850
1/29/2018,10:05:00,11147,11148.4,11145,11147.25,15900
1/29/2018,10:06:00,11147.35,11149,11146.8,11146.8,10950
1/29/2018,10:07:00,11146.8,11148,11139.15,11139.15,21600
1/29/2018,10:08:00,11140,11146.6,11140,11145.8,19950
1/29/2018,10:09:00,11145.85,11146.05,11142,11142,10350
1/29/2018,10:10:00,11141.9,11142.85,11141.6,11141.65,7500
1/29/2018,10:11:00,11141.65,11146.9,11141.65,11141.8,12525
1/29/2018,10:12:00,11141.8,11143.6,11141.8,11143.5,7050
1/29/2018,10:13:00,11144,11146.9,11144,11145,10350
1/29/2018,10:14:00,11144.45,11146.4,11141.5,11141.9,9825
1/29/2018,10:15:00,11141.9,11142.7,11138,11138.85,15225
1/29/2018,10:16:00,11139.1,11140.25,11138.15,11138.15,7650
1/29/2018,10:17:00,11139.85,11142.6,11139.85,11142.6,14400
1/29/2018,10:18:00,11142.2,11143.15,11141.05,11143.15,13200
1/29/2018,10:19:00,11143.35,11146.5,11141.95,11143.45,27825
1/29/2018,10:20:00,11143.45,11144.55,11141.45,11141.45,18525
1/29/2018,10:21:00,11141.45,11145.5,11141.45,11142,15600
1/20/2017,09:15:00,8415.5,8429.85,8400,8415,249150
1/20/2017,09:16:00,8415,8418.95,8415,8417.45,122925
1/20/2017,09:17:00,8417.25,8421.8,8417.2,8421,89400
1/20/2017,09:18:00,8421.4,8422.25,8420.05,8420.4,45900
1/20/2017,09:19:00,8419.3,8422.3,8419.05,8422,91650
1/20/2017,09:20:00,8424.4,8430,8423.2,8428.45,104025
1/20/2017,09:21:00,8428.05,8428.4,8422.9,8424.8,33525
1/20/2017,09:22:00,8425,8427,8423,8424.05,44475
1/20/2017,09:23:00,8423,8424.15,8420.35,8423.85,23550
1/20/2017,09:24:00,8423.8,8424.1,8417.4,8421.5,61350
1/20/2017,09:25:00,8421.6,8423,8420.3,8421.5,21000
1/20/2017,09:26:00,8421.15,8421.6,8417.4,8417.4,37350
1/20/2017,09:27:00,8418,8421.15,8417.25,8417.95,43350
1/20/2017,09:28:00,8418,8421,8418,8420.9,35100
1/20/2017,09:29:00,8420.9,8420.9,8418.2,8418.45,11025
1/20/2017,09:30:00,8418.45,8418.45,8415,8415.55,15375
1/20/2017,09:31:00,8418,8419.5,8417,8418.1,27450
1/20/2017,09:32:00,8418,8418.5,8416.5,8416.9,11325
1/20/2017,09:33:00,8416.25,8416.95,8413.25,8413.4,28425
1/20/2017,09:34:00,8412.75,8413.95,8411.75,8413.8,47325
1/20/2017,09:35:00,8412.4,8412.4,8410.3,8411.1,45375
1/20/2017,09:36:00,8411,8414.55,8411,8414.55,30225
1/20/2017,09:37:00,8414.3,8416.95,8413.45,8416.5,34650
1/20/2017,09:38:00,8416.9,8416.9,8414,8414.85,7800
1/20/2017,09:39:00,8414,8415,8413.3,8413.8,11700
1/20/2017,09:40:00,8414.1,8414.45,8412.05,8412.3,13275
1/20/2017,09:41:00,8412.4,8413.3,8412,8413.3,15300
1/20/2017,09:42:00,8415.5,8415.9,8413.45,8413.45,16725
1/20/2017,09:43:00,8414.9,8416,8414.1,8415.4,11550
1/20/2017,09:44:00,8417.75,8418,8415.8,8416.1,18225
1/20/2017,09:45:00,8418.85,8419,8418.05,8418.9,19650
1/20/2017,09:46:00,8418.4,8419.9,8417.35,8418,13875
1/20/2017,09:47:00,8418.65,8418.65,8416.9,8417.5,24675
1/20/2017,09:48:00,8417.65,8418.65,8417.4,8417.6,14475
1/20/2017,09:49:00,8417.6,8418,8416,8417,10425
1/20/2017,09:50:00,8417,8417.7,8415.4,8416.95,9750
1/20/2017,09:51:00,8416.95,8418.55,8415.65,8418.25,6975
1/20/2017,09:52:00,8418.55,8419.4,8417.5,8419.4,15000
1/20/2017,09:53:00,8418.6,8420.25,8416.9,8420.05,13650
1/20/2017,09:54:00,8420.05,8420.25,8417.5,8418.9,11700
1/20/2017,09:55:00,8418.9,8419.9,8418,8419.9,6600
1/20/2017,09:56:00,8419.45,8419.9,8418,8418,7500
1/20/2017,09:57:00,8418,8418.4,8415.15,8416.05,15375
1/20/2017,09:58:00,8416.45,8417.15,8414.7,8416.7,13800
1/20/2017,09:59:00,8416.65,8417.6,8415.4,8416,10350
1/20/2017,10:00:00,8416,8416.8,8415.2,8415.6,16050
1/20/2017,10:01:00,8415.6,8416.8,8415,8416.8,9375
1/20/2017,10:02:00,8416.8,8417.6,8415.6,8416.5,10425
1/20/2017,10:03:00,8416.5,8418.55,8416.35,8418.4,12225
1/20/2017,10:04:00,8418.4,8418.4,8417.8,8418.25,9525
1/20/2017,10:05:00,8418.25,8418.85,8417.1,8418.8,10650
1/20/2017,10:06:00,8419.75,8420.95,8419.15,8420.95,9000
1/20/2017,10:07:00,8422,8422,8420.8,8421.6,13200
1/20/2017,10:08:00,8420.35,8421.55,8420.05,8421.05,8250
1/20/2017,10:09:00,8421.15,8423.2,8421,8423.2,13500
1/20/2017,10:10:00,8423.2,8423.5,8421.25,8421.25,8700
1/20/2017,10:11:00,8421.95,8421.95,8421,8421.55,5175
1/20/2017,10:12:00,8421,8421.65,8420.5,8421.65,4050
1/20/2017,10:13:00,8420.5,8421,8419.7,8420.7,14175
1/20/2017,10:14:00,8420.7,8421.5,8420.15,8421.4,2475
1/20/2017,10:15:00,8420,8420.5,8418.55,8419.5,6900
1/20/2017,10:16:00,8418.05,8418.05,8417.05,8418,6750
1/20/2017,10:17:00,8416,8417,8415.55,8417,12825
1/20/2017,10:18:00,8417.95,8418.25,8416.45,8416.45,7125
1/20/2017,10:19:00,8417.9,8419.15,8417.4,8418,13575
1/20/2017,10:20:00,8418.4,8420.15,8418.05,8418.05,8775
1/20/2017,10:21:00,8418,8418.4,8417.2,8417.25,4575
1/20/2017,10:22:00,8417.25,8417.95,8416.5,8416.5,8175
1/20/2017,10:23:00,8416.5,8417,8415,8415.85,11775
1/20/2017,10:24:00,8415.85,8415.85,8413.8,8415.45,21075
1/20/2017,10:25:00,8415.45,8415.45,8413.75,8414.6,13050
1/20/2017,10:26:00,8414.6,8414.6,8414,8414.4,9900
1/20/2017,10:27:00,8414.4,8414.4,8412.55,8413.55,32100
1/20/2017,10:28:00,8413.55,8413.55,8410.85,8411.9,26850
1/20/2017,10:29:00,8411.55,8413.4,8411,8412.45,17400
1/20/2017,10:30:00,8412.45,8412.65,8410.05,8410.8,37725
1/20/2017,10:31:00,8411,8413.8,8410.75,8413,14550
1/20/2017,10:32:00,8413.8,8414.9,8413,8414.8,10200
1/20/2017,10:33:00,8414.8,8414.8,8412.45,8413.35,12525
1/20/2017,10:34:00,8413.35,8414,8412.65,8414,7050
1/20/2017,10:35:00,8413.25,8413.35,8412,8413,9375
1/20/2017,10:36:00,8411.1,8412.4,8410.55,8411.55,12825
1/20/2017,10:37:00,8410.55,8414,8410.55,8414,8850
1/20/2017,10:38:00,8414,8415.3,8413.35,8414.9,6750
1/20/2017,10:39:00,8414.9,8415.65,8413.85,8415.55,17325
1/20/2017,10:40:00,8415.65,8416.4,8414.5,8414.9,9675
1/20/2017,10:41:00,8414.35,8414.9,8413.2,8414.6,5550
1/20/2017,10:42:00,8414.6,8414.6,8413.25,8414.2,3825
1/20/2017,10:43:00,8413.95,8414.4,8413.9,8414.2,3000
1/20/2017,10:44:00,8414.1,8415,8413.65,8414.45,4200
1/20/2017,10:45:00,8414.45,8416.4,8414.45,8416,11850
1/20/2017,10:46:00,8415.45,8417.25,8415,8416.4,18900
1/20/2017,10:47:00,8415.9,8417.95,8415.9,8417.95,6600
1/20/2017,10:48:00,8417.95,8418.95,8417,8417.8,11325
1/20/2017,10:49:00,8417.85,8417.85,8416.25,8417.85,5700
1/20/2017,10:50:00,8417.75,8417.95,8416.25,8417.65,12075
1/20/2017,10:51:00,8417.85,8418.85,8416.6,8416.6,13950
1/20/2017,10:52:00,8416.6,8417.1,8415.95,8416.8,7875
1/20/2017,10:53:00,8416.8,8417.4,8416.15,8416.5,3375
1/20/2017,10:54:00,8415.8,8416.35,8415.1,8415.5,3525
1/20/2017,10:55:00,8415.5,8416.35,8415,8416,7200
1/20/2017,10:56:00,8416,8417,8415.65,8417,9750
1/20/2017,10:57:00,8417,8417.45,8416.2,8417.45,13275
1/20/2017,10:58:00,8417.45,8417.45,8414.45,8414.65,21900
1/20/2017,10:59:00,8414.65,8415,8414.4,8414.4,3300
1/20/2017,11:00:00,8414.4,8416.4,8414,8415.7,7050
1/20/2017,11:01:00,8415.7,8416.4,8414,8416.4,5700
1/20/2017,11:02:00,8416.4,8417.7,8415.3,8417.45,4050
1/20/2017,11:03:00,8417.45,8419,8417.25,8418,14325
1/20/2017,11:04:00,8417.95,8419.9,8417.5,8419.65,12075
1/20/2017,11:05:00,8419.4,8420,8418.55,8420,16200
1/20/2017,11:06:00,8420,8421.05,8418.25,8419,19575
1/20/2017,11:07:00,8419,8421,8419,8420,13875
1/20/2017,11:08:00,8420.85,8421.45,8420.05,8421,22275
1/20/2017,11:09:00,8421.3,8421.7,8419.05,8420.65,16875
1/20/2017,11:10:00,8420.25,8420.4,8418.9,8418.9,14475
1/20/2017,11:11:00,8417.75,8421.2,8417.75,8420.25,21600
1/20/2017,11:12:00,8420.1,8421.2,8420,8420.8,7350
1/20/2017,11:13:00,8420.8,8421.4,8417.5,8418,11925
1/20/2017,11:14:00,8417.25,8417.35,8417.1,8417.1,6225
1/20/2017,11:15:00,8417.1,8419.8,8417,8419.7,6525
1/20/2017,11:16:00,8419.05,8420.4,8419,8419.25,12225
1/20/2017,11:17:00,8419.25,8420.4,8419.25,8419.55,7650
1/20/2017,11:18:00,8419.55,8420.8,8419.05,8419.5,6375
1/20/2017,11:19:00,8419.5,8420.5,8419.5,8420.5,10125
1/20/2017,11:20:00,8420.5,8420.9,8420,8420,12300
1/20/2017,11:21:00,8420.65,8420.65,8419,8420.05,6975
1/20/2017,11:22:00,8420,8421,8420,8420.9,11175
1/20/2017,11:23:00,8419.6,8419.65,8419,8419,5175
1/20/2017,11:24:00,8420.15,8420.4,8419.25,8419.9,12600
1/20/2017,11:25:00,8418.7,8418.95,8418.5,8418.6,8775
1/20/2017,11:26:00,8418.25,8420,8418.25,8420,17025
1/20/2017,11:27:00,8418.75,8419.1,8418.75,8418.85,8550
1/20/2017,11:28:00,8418.85,8419,8418.3,8419,7500
1/20/2017,11:29:00,8418.05,8419.4,8418.05,8418.65,6975
1/20/2017,11:30:00,8419,8419,8418.05,8418.5,8100
1/20/2017,11:31:00,8418.9,8420.7,8418.9,8420.7,10350
1/20/2017,11:32:00,8419.8,8420.9,8419.55,8420,9825
1/20/2017,11:33:00,8420.2,8421.1,8419.95,8421.1,11700
1/20/2017,11:34:00,8422,8424.5,8422,8423.3,19350
1/20/2017,11:35:00,8424.25,8424.75,8424,8424.75,9150
1/20/2017,11:36:00,8421.75,8422.2,8421.35,8421.35,18900
1/20/2017,11:37:00,8421.35,8422.45,8421.05,8422.45,5550
1/20/2017,11:38:00,8422.45,8422.45,8420.05,8420.4,8700
1/20/2017,11:39:00,8420.4,8422,8420.25,8422,6450
1/20/2017,11:40:00,8422,8423,8421.1,8422.5,5625
1/20/2017,11:41:00,8422.5,8422.5,8420.7,8421.05,3225
1/20/2017,11:42:00,8421.05,8422,8421,8421,2850
1/20/2017,11:43:00,8421,8421,8420,8420.5,3300
1/20/2017,11:44:00,8420.5,8420.5,8419,8419.8,2175
1/20/2017,11:45:00,8419.65,8419.95,8419.05,8419.2,4425
1/20/2017,11:46:00,8419.2,8419.7,8419.1,8419.5,2925
1/20/2017,11:47:00,8419.5,8419.75,8419.4,8419.4,11400
1/20/2017,11:48:00,8419.4,8419.75,8419,8419.75,36825
1/20/2017,11:49:00,8419.75,8420.85,8419.1,8420.3,35775
1/20/2017,11:50:00,8420.3,8421.85,8420.3,8421,2475
1/20/2017,11:51:00,8421.6,8423.95,8421.6,8423.5,19650
1/20/2017,11:52:00,8424.2,8424.2,8423.1,8424.1,12000
1/20/2017,11:53:00,8423,8423.75,8422,8422,25125
1/20/2017,11:54:00,8421,8421,8420.6,8420.6,4500
1/20/2017,11:55:00,8421.05,8421.7,8421,8421.05,2550
1/20/2017,11:56:00,8421.8,8421.8,8421.05,8421.6,2775
1/20/2017,11:57:00,8421.05,8421.55,8421,8421,1275
1/20/2017,11:58:00,8420.95,8422,8420,8421,13425
1/20/2017,11:59:00,8421,8424.5,8421,8423.5,16275
1/20/2017,12:00:00,8425.1,8427.9,8425.1,8426.8,41325
1/20/2017,12:01:00,8427.8,8427.95,8426.15,8426.65,24750
1/20/2017,12:02:00,8426.8,8426.9,8425.2,8426.8,10875
1/20/2017,12:03:00,8426.8,8426.85,8425.55,8426,10275
1/20/2017,12:04:00,8426,8426.9,8425.5,8426.7,8775
1/20/2017,12:05:00,8425.8,8429.9,8425.8,8429.2,38625
1/20/2017,12:06:00,8429.2,8434,8429,8433.4,102150
1/20/2017,12:07:00,8433.25,8433.4,8430.05,8430.8,47400
1/20/2017,12:08:00,8430.8,8431.65,8430.05,8430.05,15600
1/20/2017,12:09:00,8431.2,8431.9,8429,8429,21600
1/20/2017,12:10:00,8429.95,8430,8424.75,8425,28725
1/20/2017,12:11:00,8425.15,8426,8424.25,8425,12150
1/20/2017,12:12:00,8425.95,8426,8423.5,8423.5,14925
1/20/2017,12:13:00,8423.5,8425.8,8423.5,8424.8,5550
1/20/2017,12:14:00,8424.8,8426.5,8424.5,8426.5,10875
1/20/2017,12:15:00,8426.5,8427.4,8425,8426,8850
1/20/2017,12:16:00,8426,8426,8424.5,8425,8625
1/20/2017,12:17:00,8424.5,8426,8424.5,8425,3900
1/20/2017,12:18:00,8425,8425,8424.5,8424.5,1200
1/20/2017,12:19:00,8424.5,8425.35,8424.5,8424.5,6375
1/20/2017,12:20:00,8424.5,8424.5,8423.5,8423.9,8775
1/20/2017,12:21:00,8423.9,8424.5,8423.9,8424.3,3300
1/20/2017,12:22:00,8423.95,8424,8423.25,8423.55,12225
1/20/2017,12:23:00,8423,8423,8422,8422.1,27750
1/20/2017,12:24:00,8421.25,8421.7,8420,8420.95,22500
1/20/2017,12:25:00,8420.15,8421.5,8420.15,8421.5,7650
1/20/2017,12:26:00,8421.5,8422.5,8421,8421.55,10800
1/20/2017,12:27:00,8421.55,8422.1,8418.65,8420.2,14775
1/20/2017,12:28:00,8420.2,8420.4,8419.4,8419.5,11025
1/20/2017,12:29:00,8419.5,8419.5,8418.55,8418.85,3825
1/20/2017,12:30:00,8416.2,8417.5,8415.55,8417,28500
1/20/2017,12:31:00,8416.8,8417.8,8415.75,8416.8,13800
1/20/2017,12:32:00,8416.8,8416.9,8415.1,8415.1,9300
1/20/2017,12:33:00,8415.1,8416.5,8415.05,8416.3,18675
1/20/2017,12:34:00,8416.3,8417.45,8415.55,8415.95,23550
1/20/2017,12:35:00,8415.95,8417.8,8415.65,8415.65,6000
1/20/2017,12:36:00,8415.7,8416.35,8414.7,8415.8,12675
1/20/2017,12:37:00,8415.8,8417.1,8415.05,8417.1,9075
1/20/2017,12:38:00,8417.1,8417.45,8416.55,8417.35,2700
1/20/2017,12:39:00,8417.05,8417.2,8416.05,8416.1,4500
1/20/2017,12:40:00,8416,8416.9,8414.8,8414.8,28875
1/20/2017,12:41:00,8414.8,8416,8414.8,8415.4,11625
1/20/2017,12:42:00,8416.1,8416.15,8415.6,8415.6,2475
1/20/2017,12:43:00,8415.8,8416,8415.5,8415.65,2700
1/20/2017,12:44:00,8415.1,8415.15,8413,8413,16275
1/20/2017,12:45:00,8413,8413.8,8412.1,8413.3,13800
1/20/2017,12:46:00,8413.95,8413.95,8411.4,8412.35,22650
1/20/2017,12:47:00,8411.6,8413.05,8410,8413.05,75075
1/20/2017,12:48:00,8413.9,8414.95,8413,8413.2,6600
1/20/2017,12:49:00,8413.2,8413.55,8412,8412,6075
1/20/2017,12:50:00,8412,8413,8411.35,8411.85,5250
1/20/2017,12:51:00,8411.95,8412.3,8407.55,8407.85,39450
1/20/2017,12:52:00,8408,8409.55,8407.1,8408,12675
1/20/2017,12:53:00,8408.25,8408.25,8404.2,8405.1,69675
1/20/2017,12:54:00,8405.55,8408.2,8405.1,8407.8,26925
1/20/2017,12:55:00,8407,8407,8405,8405,26400
1/20/2017,12:56:00,8404.75,8405.35,8401.1,8401.3,43425
1/20/2017,12:57:00,8402.9,8403.6,8396.5,8397.9,117675
1/20/2017,12:58:00,8390,8392,8380.2,8391.8,519450
1/20/2017,12:59:00,8388,8389.45,8387.1,8388.9,84300
1/20/2017,13:00:00,8375.9,8376.7,8366,8375,542175
1/20/2017,13:01:00,8372.05,8372.05,8368.2,8371.15,176325
1/20/2017,13:02:00,8377,8381,8377,8380.55,112050
1/20/2017,13:03:00,8380,8380.55,8377,8377,72375
1/20/2017,13:04:00,8374.95,8376,8373.7,8374,92475
1/20/2017,13:05:00,8373.9,8378,8372.9,8377.55,65925
1/20/2017,13:06:00,8378,8380.9,8378,8378.5,51900
1/20/2017,13:07:00,8378,8380.3,8377.3,8380.05,29550
1/20/2017,13:08:00,8376,8376,8371.95,8374.2,43275
1/20/2017,13:09:00,8376,8379.4,8375.1,8378.1,42225
1/20/2017,13:10:00,8379,8379.35,8378,8378.9,15150
1/20/2017,13:11:00,8380,8382.25,8379.2,8381.3,30600
1/20/2017,13:12:00,8381.6,8382.85,8381.45,8382.7,29625
1/20/2017,13:13:00,8382.7,8382.7,8378.25,8380,30825
1/20/2017,13:14:00,8381.65,8384.95,8380.6,8384.95,32325
1/20/2017,13:15:00,8384.5,8384.5,8381.75,8381.75,21825
1/20/2017,13:16:00,8381.95,8382,8375.5,8375.8,36900
1/20/2017,13:17:00,8375.6,8378.45,8375.6,8377.55,16350
1/20/2017,13:18:00,8377.55,8377.55,8375,8375.7,27975
1/20/2017,13:19:00,8377,8377,8374,8376.6,33975
1/20/2017,13:20:00,8377.1,8377.1,8372,8372.3,25725
1/20/2017,13:21:00,8372.35,8373,8370,8372.6,52350
1/20/2017,13:22:00,8372.45,8372.7,8367.15,8369.2,47325
1/20/2017,13:23:00,8368.6,8370.4,8366,8366,37125
1/20/2017,13:24:00,8365.2,8368.95,8362,8368.7,96825
1/20/2017,13:25:00,8368.85,8368.85,8361.65,8362.7,53925
1/20/2017,13:26:00,8362.4,8367,8362.4,8366.9,20625
1/20/2017,13:27:00,8367.45,8367.6,8363.8,8366.8,37650
1/20/2017,13:28:00,8367.3,8372,8366.05,8372,30300
1/20/2017,13:29:00,8372,8372,8369,8370.45,12900
1/20/2017,13:30:00,8370.4,8370.4,8367.2,8367.7,18750
1/20/2017,13:31:00,8367.5,8370.85,8366.1,8366.25,14700
1/20/2017,13:32:00,8367.05,8367.05,8362.5,8363.2,21075
1/20/2017,13:33:00,8362.75,8368.65,8362.1,8368,23325
1/20/2017,13:34:00,8368.8,8369.85,8366.2,8369.2,17925
1/20/2017,13:35:00,8369.55,8369.85,8367,8369.85,18750
1/20/2017,13:36:00,8369.85,8371.9,8369,8370,13275
1/20/2017,13:37:00,8370.5,8374.75,8369.2,8373.9,27525
1/20/2017,13:38:00,8374.2,8374.7,8372.2,8373.5,27075
1/20/2017,13:39:00,8374.2,8375.85,8373,8373.9,46800
1/20/2017,13:40:00,8373.5,8373.7,8366.3,8368,70050
1/20/2017,13:41:00,8368,8368.7,8366.75,8368.4,20325
1/20/2017,13:42:00,8365.6,8365.9,8363.3,8364.5,31575
1/20/2017,13:43:00,8364.7,8365.85,8363.25,8364.75,48075
1/20/2017,13:44:00,8364.75,8367.5,8356.7,8367.5,96225
1/20/2017,13:45:00,8368.8,8370,8366.85,8367.75,24375
1/20/2017,13:46:00,8367.95,8368,8365.5,8365.5,26850
1/20/2017,13:47:00,8365.9,8367,8365.15,8366.6,11325
1/20/2017,13:48:00,8366.8,8367.75,8366,8366.25,5550
1/20/2017,13:49:00,8366.25,8368.9,8366,8368.35,6525
1/20/2017,13:50:00,8370,8370.8,8368,8369.55,34500
1/20/2017,13:51:00,8368.8,8369.9,8365.1,8365.1,21225
1/20/2017,13:52:00,8365.85,8368.45,8363.55,8367.9,18600
1/20/2017,13:53:00,8367.6,8368.4,8365.15,8367.1,6900
1/20/2017,13:54:00,8367.1,8368.1,8366.15,8367.45,4800
1/20/2017,13:55:00,8367,8367.4,8361.4,8361.5,20100
1/20/2017,13:56:00,8362.3,8362.85,8358.5,8362,80925
1/20/2017,13:57:00,8362,8366,8362,8364.4,23925
1/20/2017,13:58:00,8364.6,8364.75,8361.35,8361.8,16800
1/20/2017,13:59:00,8361.8,8362,8360,8360.45,20475
1/20/2017,14:00:00,8359.3,8360.85,8357.55,8360.8,59250
1/20/2017,14:01:00,8359.9,8362.9,8359.9,8361,34725
1/20/2017,14:02:00,8361.4,8364.85,8359.8,8364.85,19875
1/20/2017,14:03:00,8364.85,8367,8363.85,8366.5,31950
1/20/2017,14:04:00,8367,8369.05,8366.4,8367,41775
1/20/2017,14:05:00,8367,8367.5,8365.4,8365.4,12000
1/20/2017,14:06:00,8365.2,8366.75,8364.5,8364.5,19200
1/20/2017,14:07:00,8365.7,8367.35,8365.1,8366.95,10725
1/20/2017,14:08:00,8369,8371.65,8368.85,8371.65,42225
1/20/2017,14:09:00,8369.9,8370.9,8366.5,8366.75,30825
1/20/2017,14:10:00,8365.95,8367.95,8365.95,8367.95,11925
1/20/2017,14:11:00,8367.7,8367.95,8366.45,8366.95,15450
1/20/2017,14:12:00,8366.95,8366.95,8361.3,8361.3,36375
1/20/2017,14:13:00,8361.3,8363,8360.95,8362.5,26250
1/20/2017,14:14:00,8362.5,8363.9,8362,8362.5,18975
1/20/2017,14:15:00,8362.75,8363.2,8361,8361.6,16725
1/20/2017,14:16:00,8361.6,8361.6,8355.6,8359.95,79575
1/20/2017,14:17:00,8358.95,8360,8357.95,8360,16875
1/20/2017,14:18:00,8359.95,8362.1,8359.5,8361.75,49725
1/20/2017,14:19:00,8362.05,8362.05,8359,8359,26925
1/20/2017,14:20:00,8359,8360.5,8358.75,8360.5,8025
1/20/2017,14:21:00,8360.05,8363.6,8360.05,8362.8,33300
1/20/2017,14:22:00,8362.8,8365,8362.4,8363.65,24225
1/20/2017,14:23:00,8363.65,8363.65,8360.3,8360.6,10200
1/20/2017,14:24:00,8360.6,8361,8356.45,8358.45,36150
1/20/2017,14:25:00,8358.9,8363.35,8357.8,8363.35,20475
1/20/2017,14:26:00,8363.35,8364,8361.65,8362.75,17250
1/20/2017,14:27:00,8362.75,8364,8361,8361,10800
1/20/2017,14:28:00,8361,8361.75,8356.05,8358.95,29400
1/20/2017,14:29:00,8359,8360,8357.1,8358.85,16650
1/20/2017,14:30:00,8357.7,8357.85,8354.45,8356,92100
1/20/2017,14:31:00,8356,8358.8,8354.2,8358.7,40125
1/20/2017,14:32:00,8358.25,8359.9,8357.35,8359.6,27525
1/20/2017,14:33:00,8359.25,8360,8356,8358.25,54000
1/20/2017,14:34:00,8358.25,8361.4,8358.25,8359.25,17400
1/20/2017,14:35:00,8359.5,8362.55,8358,8362.4,13425
1/20/2017,14:36:00,8362.4,8363.8,8358.5,8363.8,18900
1/20/2017,14:37:00,8362.25,8362.9,8362.25,8362.25,15300
1/20/2017,14:38:00,8359.45,8360.7,8359,8360.3,20475
1/20/2017,14:39:00,8360.2,8360.95,8358.25,8358.35,11700
1/20/2017,14:40:00,8356.4,8356.65,8355.05,8355.5,30900
1/20/2017,14:41:00,8356.45,8357.4,8352.25,8355.6,50400
1/20/2017,14:42:00,8355.1,8355.8,8353.55,8353.55,20175
1/20/2017,14:43:00,8352.95,8355.95,8352.2,8355.45,19950
1/20/2017,14:44:00,8357,8357.65,8355.25,8356.15,21900
1/20/2017,14:45:00,8357.95,8358.75,8356.95,8356.95,43425
1/20/2017,14:46:00,8358,8359,8357,8359,32700
1/20/2017,14:47:00,8359,8362,8359,8361.6,24825
1/20/2017,14:48:00,8361.6,8366.35,8361.6,8366.2,60000
1/20/2017,14:49:00,8366,8366.65,8363.55,8363.85,61725
1/20/2017,14:50:00,8362.65,8362.7,8361.6,8362.15,24750
1/20/2017,14:51:00,8360.3,8360.95,8359.35,8360.95,15600
1/20/2017,14:52:00,8359.55,8360.05,8358.55,8358.55,10800
1/20/2017,14:53:00,8359,8360.25,8358.35,8360.25,7425
1/20/2017,14:54:00,8358.1,8359.6,8358.1,8358.5,23625
1/20/2017,14:55:00,8355.75,8360,8355.75,8360,24900
1/20/2017,14:56:00,8360.15,8361.7,8360.05,8361.25,15525
1/20/2017,14:57:00,8360.5,8360.95,8360.15,8360.9,12375
1/20/2017,14:58:00,8361.1,8363,8360,8360.75,28050
1/20/2017,14:59:00,8362,8364.45,8362,8364.45,16725
1/20/2017,15:00:00,8364.55,8367.45,8363.6,8366.95,42825
1/20/2017,15:01:00,8366.05,8370.3,8366.05,8366.6,64575
1/20/2017,15:02:00,8368.25,8368.95,8366.05,8366.85,24225
1/20/2017,15:03:00,8366,8366.8,8363.35,8363.55,34050
1/20/2017,15:04:00,8364.9,8366.5,8363,8363.2,19875
1/20/2017,15:05:00,8363.9,8364.2,8361.85,8362,16050
1/20/2017,15:06:00,8362.4,8366.05,8362.4,8363.45,19425
1/20/2017,15:07:00,8364.35,8365.6,8363.65,8365.5,20475
1/20/2017,15:08:00,8365,8365.25,8363.55,8363.65,38100
1/20/2017,15:09:00,8364,8364.5,8361.2,8362.05,32100
1/20/2017,15:10:00,8362.05,8362.8,8360.8,8361.55,30600
1/20/2017,15:11:00,8361.55,8362.95,8361.25,8362.1,32100
1/20/2017,15:12:00,8362,8362,8360.1,8360.1,48375
1/20/2017,15:13:00,8360.1,8360.25,8358.25,8358.65,40800
1/20/2017,15:14:00,8358.4,8361.45,8358.25,8361.45,31500
1/20/2017,15:15:00,8361.2,8362,8358.5,8359.65,49950
1/20/2017,15:16:00,8359.25,8360.2,8358,8359.25,65025
1/20/2017,15:17:00,8359.35,8360.35,8358.8,8360.35,52650
1/20/2017,15:18:00,8360,8361,8358.6,8358.95,59025
1/20/2017,15:19:00,8358.85,8362.35,8358.85,8361.05,67500
1/20/2017,15:20:00,8362,8363.35,8359.2,8360.4,73800
1/20/2017,15:21:00,8360.5,8361,8358.75,8361,112725
1/20/2017,15:22:00,8361,8362.1,8360.6,8362.1,61425
1/20/2017,15:23:00,8362.25,8363.8,8360.95,8363.5,59175
1/20/2017,15:24:00,8365,8365,8363.65,8363.9,60975
1/20/2017,15:25:00,8363.95,8364.9,8363,8364.4,90750
1/20/2017,15:26:00,8364.05,8364.85,8363,8364.85,96675
1/20/2017,15:27:00,8364.25,8365.5,8364,8364.2,110625
1/20/2017,15:28:00,8364.2,8364.2,8363.05,8364,76875
1/20/2017,15:29:00,8363.85,8364.5,8363,8363,88725
1/20/2017,15:30:00,8363,8363,8363,8363,2475
1/23/2017,09:15:00,8349.85,8356.85,8333.4,8351.2,136575
1/23/2017,09:16:00,8352.2,8352.6,8346.1,8352,56325
1/23/2017,09:17:00,8352.05,8353.9,8352.05,8353.75,48300
1/23/2017,09:18:00,8354,8357.95,8353.5,8354,44550
1/23/2017,09:19:00,8354,8354.55,8349.75,8350,45750
1/23/2017,09:20:00,8349.95,8350,8347,8348.15,30450
1/23/2017,09:21:00,8348.15,8349.05,8343.75,8347.5,27825
1/23/2017,09:22:00,8349.55,8350,8346.55,8348,26850
1/23/2017,09:23:00,8349.25,8352,8348.55,8350.55,24750
1/23/2017,09:24:00,8350.55,8350.95,8346,8347.8,27450
1/23/2017,09:25:00,8343.95,8346.45,8342.8,8344,29400
1/23/2017,09:26:00,8345,8350.5,8345,8349.55,35775
1/23/2017,09:27:00,8349.55,8350.65,8348.2,8350.05,24300
1/23/2017,09:28:00,8350,8350.65,8348,8350,27525
1/23/2017,09:29:00,8352.95,8353,8350.35,8351.75,21000
1/23/2017,09:30:00,8352,8354.5,8351.55,8353.9,22275
1/23/2017,09:31:00,8352.7,8353.95,8351.5,8353.65,15750
1/23/2017,09:32:00,8354.3,8359,8354,8356.55,37950
1/23/2017,09:33:00,8357.4,8367.35,8357,8367.3,58200
1/23/2017,09:34:00,8367.8,8377.8,8367.8,8377.35,99900
1/23/2017,09:35:00,8377.4,8382.15,8377.2,8377.9,106725
1/23/2017,09:36:00,8377.65,8393.7,8377.65,8393.7,159900
1/23/2017,09:37:00,8392.55,8403.2,8392.55,8394.4,253725
1/23/2017,09:38:00,8394.2,8396,8390.35,8390.45,70125
1/23/2017,09:39:00,8390.55,8395.75,8389.7,8394,64650
1/23/2017,09:40:00,8394,8394,8388.3,8390.4,41025
1/23/2017,09:41:00,8395.55,8396.95,8391.6,8396.95,59100
1/23/2017,09:42:00,8397,8403.45,8397,8402.25,79125
1/23/2017,09:43:00,8402.25,8405.95,8400,8400,102150
1/23/2017,09:44:00,8399.95,8400.6,8397,8397,45075
1/23/2017,09:45:00,8400,8400.7,8398.05,8398.5,42900
1/23/2017,09:46:00,8399,8405.7,8399,8402.95,41625
1/23/2017,09:47:00,8401.35,8402.55,8399.05,8400.3,20550
1/23/2017,09:48:00,8399.4,8404.95,8397.55,8403.1,32325
1/23/2017,09:49:00,8403.1,8404.95,8397.55,8397.65,31725
1/23/2017,09:50:00,8397.65,8398.2,8393.45,8394.95,34200
1/23/2017,09:51:00,8394.05,8396.6,8393.35,8396.6,43725
1/23/2017,09:52:00,8396.7,8398,8393.35,8393.35,18825
1/23/2017,09:53:00,8393,8399.7,8393,8397.75,27675
1/23/2017,09:54:00,8397.9,8398.8,8396.1,8396.7,30450
1/23/2017,09:55:00,8398.15,8402.95,8398.15,8402.45,23175
1/23/2017,09:56:00,8402.45,8402.45,8397.4,8399,16050
1/23/2017,09:57:00,8399,8399.65,8396.1,8397.55,16650
1/23/2017,09:58:00,8397.55,8398.75,8395,8395.65,11400
1/23/2017,09:59:00,8395.6,8397,8391.8,8393.15,31650
1/23/2017,10:00:00,8393.05,8395,8392.8,8393.2,21900
1/23/2017,10:01:00,8394.85,8397.45,8394.85,8396.1,33750
1/23/2017,10:02:00,8395.25,8397,8394.25,8395.3,40275
1/23/2017,10:03:00,8394,8395.8,8393.7,8394.85,18375
1/23/2017,10:04:00,8394.5,8395,8391.4,8391.55,14775
1/23/2017,10:05:00,8391.2,8393.6,8391.2,8393.1,18900
1/23/2017,10:06:00,8392,8392.15,8391,8391,11025
1/23/2017,10:07:00,8392,8395,8392,8394.2,14100
1/23/2017,10:08:00,8391.1,8392,8390.9,8391.5,8475
1/23/2017,10:09:00,8390.5,8391.55,8389.05,8389.35,32925
1/23/2017,10:10:00,8393,8394.7,8392.3,8392.95,17250
1/23/2017,10:11:00,8395,8395.1,8393.1,8394,17625
1/23/2017,10:12:00,8394,8395.6,8389.45,8390.3,38850
1/23/2017,10:13:00,8390.3,8392.25,8389.7,8390.15,18825
1/23/2017,10:14:00,8391.4,8392,8389.2,8391.05,29175
1/23/2017,10:15:00,8391.8,8392,8389.05,8390.9,22050
1/23/2017,10:16:00,8390,8392.05,8389.15,8392.05,33900
1/23/2017,10:17:00,8392.55,8396.25,8391.9,8393.1,22875
1/23/2017,10:18:00,8393.95,8395.05,8392.1,8394.95,12150
1/23/2017,10:19:00,8395.05,8396,8393.35,8394.6,8250
1/23/2017,10:20:00,8395.4,8395.4,8392.2,8392.2,8925
1/23/2017,10:21:00,8393.7,8394.9,8393,8394,12975
1/23/2017,10:22:00,8393.05,8393.5,8392.25,8392.95,5175
1/23/2017,10:23:00,8393.3,8394.35,8392.55,8393.9,18825
1/23/2017,10:24:00,8392.45,8393.5,8392.45,8393.5,4950
1/23/2017,10:25:00,8393.5,8394,8392.65,8393.5,16725
1/23/2017,10:26:00,8390,8391.7,8389.4,8390,23850
1/23/2017,10:27:00,8390,8393.2,8390,8392.65,7875
1/23/2017,10:28:00,8392.65,8392.65,8390,8390,10875
1/23/2017,10:29:00,8390.65,8392,8390.3,8391.5,14250
1/23/2017,10:30:00,8391.5,8392,8388.3,8389.3,28050
1/23/2017,10:31:00,8388.05,8388.45,8387.1,8387.15,20250
1/23/2017,10:32:00,8386.45,8388.85,8386.05,8387.95,27300
1/23/2017,10:33:00,8387.95,8391.1,8387.9,8390.8,12075
1/23/2017,10:34:00,8390,8390,8389.3,8390,5175
1/23/2017,10:35:00,8391,8391.45,8390.15,8391.2,56700
1/23/2017,10:36:00,8391.5,8392.45,8389.5,8392,27300
1/23/2017,10:37:00,8391.2,8392,8391,8392,39300
1/23/2017,10:38:00,8392,8392.3,8390,8391.8,19950
1/23/2017,10:39:00,8393.85,8395,8393.35,8394.3,11400
1/23/2017,10:40:00,8394.8,8397,8393.25,8397,12900
1/23/2017,10:41:00,8397,8398.05,8396,8396,23775
1/23/2017,10:42:00,8396,8397,8394.75,8394.75,4950
1/23/2017,10:43:00,8394.75,8395.65,8393.75,8394.5,7425
1/23/2017,10:44:00,8394.5,8396,8394,8396,13875
1/23/2017,10:45:00,8396,8398.4,8394.7,8397.3,9300
1/23/2017,10:46:00,8397.7,8399,8396.1,8398.5,23175
1/23/2017,10:47:00,8399,8400,8396.45,8397.95,62925
1/23/2017,10:48:00,8397.2,8398.8,8395.95,8398.8,21150
1/23/2017,10:49:00,8398.8,8401.55,8398,8399.5,43500
1/23/2017,10:50:00,8398,8400.9,8398,8399.85,49050
1/23/2017,10:51:00,8399.85,8400.3,8398.8,8399.3,39825
1/23/2017,10:52:00,8398.45,8399,8397,8398.5,12300
1/23/2017,10:53:00,8398.5,8399.5,8397.2,8398.55,6825
1/23/2017,10:54:00,8399.5,8400.9,8399.5,8400,15225
1/23/2017,10:55:00,8399.6,8401.65,8399,8401.6,34500
1/23/2017,10:56:00,8401.6,8404.25,8399.75,8400.3,51000
1/23/2017,10:57:00,8400.5,8402.55,8400.2,8402.55,19500
1/23/2017,10:58:00,8402.85,8404,8402.15,8402.85,25725
1/23/2017,10:59:00,8402,8403,8398.6,8400,19425
1/23/2017,11:00:00,8400.85,8404,8400.75,8402.35,20775
1/23/2017,11:01:00,8402.45,8408.95,8402.45,8405,109800
1/23/2017,11:02:00,8405,8405,8402.65,8405,30225
1/23/2017,11:03:00,8405,8408,8404,8406.75,25575
1/23/2017,11:04:00,8407,8408.5,8404.15,8406,24750
1/23/2017,11:05:00,8406,8418,8406,8413.75,271950
1/23/2017,11:06:00,8413.85,8414.85,8412.75,8412.95,35475
1/23/2017,11:07:00,8412.95,8413.9,8411,8411,46050
1/23/2017,11:08:00,8411.15,8412.35,8410,8410,42225
1/23/2017,11:09:00,8410,8411,8408.35,8408.65,22725
1/23/2017,11:10:00,8408.65,8411.3,8406.75,8406.75,74925
1/23/2017,11:11:00,8407,8407,8401.5,8403.3,66900
1/23/2017,11:12:00,8403.3,8405.45,8402.6,8405,21975
1/23/2017,11:13:00,8405,8406.45,8404.3,8406.4,15075
1/23/2017,11:14:00,8404.5,8405,8404.45,8404.8,17100
1/23/2017,11:15:00,8405.6,8407.05,8405,8405.8,18225
1/23/2017,11:16:00,8403.75,8404.5,8402.6,8403,7800
1/23/2017,11:17:00,8402,8403,8401.05,8401.5,32775
1/23/2017,11:18:00,8403,8403.15,8401,8401,28125
1/23/2017,11:19:00,8401,8402,8400.9,8401.35,20550
1/23/2017,11:20:00,8400.1,8401,8398.5,8398.65,25350
1/23/2017,11:21:00,8398.5,8401.9,8398.5,8400.8,20400
1/23/2017,11:22:00,8400.8,8401.15,8400,8400,7425
1/23/2017,11:23:00,8400,8402,8400,8402,5100
1/23/2017,11:24:00,8402,8402.5,8401,8401,13500
1/23/2017,11:25:00,8401,8402.4,8400.15,8401.3,12750
1/23/2017,11:26:00,8401.3,8402.7,8401,8402.1,9150
1/23/2017,11:27:00,8402.6,8403.15,8401.65,8401.65,13200
1/23/2017,11:28:00,8401.65,8402.25,8401,8401.9,4575
1/23/2017,11:29:00,8403,8403.85,8402,8402.05,31725
1/23/2017,11:30:00,8401.55,8403.65,8401.3,8402.1,20250
1/23/2017,11:31:00,8403,8403,8399.8,8400.05,22800
1/23/2017,11:32:00,8399.8,8401.15,8399.25,8401.05,13275
1/23/2017,11:33:00,8401.05,8403.5,8401.05,8403.5,11625
1/23/2017,11:34:00,8403.5,8403.5,8399.5,8400.05,23850
1/23/2017,11:35:00,8400.05,8400.9,8399.8,8400,9450
1/23/2017,11:36:00,8400,8401.55,8399.5,8400.3,18825
1/23/2017,11:37:00,8400.3,8400.65,8399,8400,24000
1/23/2017,11:38:00,8400,8401.25,8399.2,8399.8,16050
1/23/2017,11:39:00,8400,8400.05,8395.4,8398.55,33000
1/23/2017,11:40:00,8398.55,8398.7,8396.15,8398.1,15300
1/23/2017,11:41:00,8398.1,8400,8397.7,8399.75,22425
1/23/2017,11:42:00,8399.25,8401.4,8399.05,8400,20400
1/23/2017,11:43:00,8399.95,8401.15,8399.4,8400.25,10725
1/23/2017,11:44:00,8400.25,8401.35,8399,8400.45,4875
1/23/2017,11:45:00,8400.9,8401.15,8400.05,8401,5475
1/23/2017,11:46:00,8401.05,8401.8,8399.5,8400.4,12600
1/23/2017,11:47:00,8400.4,8400.4,8397.4,8398.05,17175
1/23/2017,11:48:00,8398.05,8398.5,8392.2,8392.9,31650
1/23/2017,11:49:00,8392.1,8394,8390.6,8394,25575
1/23/2017,11:50:00,8393.65,8393.65,8390.05,8390.05,18300
1/23/2017,11:51:00,8389.8,8390.7,8388.4,8390.7,40950
1/23/2017,11:52:00,8391.2,8391.9,8389.25,8391.9,20850
1/23/2017,11:53:00,8391.9,8392.1,8388,8389.75,37350
1/23/2017,11:54:00,8389.55,8389.95,8387.45,8387.45,22650
1/23/2017,11:55:00,8387.4,8387.4,8382.6,8386.05,69750
1/23/2017,11:56:00,8386.35,8386.75,8384,8385.1,37275
1/23/2017,11:57:00,8385.05,8387,8383.65,8383.65,33600
1/23/2017,11:58:00,8383.85,8383.85,8380,8380.3,69750
1/23/2017,11:59:00,8381.55,8383.75,8381.05,8383.5,38775
1/23/2017,12:00:00,8380.65,8381.25,8376.7,8377,89400
1/23/2017,12:01:00,8377.75,8380.8,8377,8380,93600
1/23/2017,12:02:00,8380.05,8382,8380.05,8380.45,24375
1/23/2017,12:03:00,8382,8383.9,8382,8382.9,33075
1/23/2017,12:04:00,8383.95,8384,8383,8383.95,28725
1/23/2017,12:05:00,8383.05,8384,8380.2,8382.7,31125
1/23/2017,12:06:00,8383.8,8384,8382.6,8383.7,9675
1/23/2017,12:07:00,8383.95,8384,8382.05,8383,11100
1/23/2017,12:08:00,8383,8383.4,8382.1,8382.6,15900
1/23/2017,12:09:00,8382.15,8384,8382.1,8384,44550
1/23/2017,12:10:00,8384,8385.85,8384,8384.9,28950
1/23/2017,12:11:00,8385.5,8386.4,8384.55,8384.75,22950
1/23/2017,12:12:00,8383.85,8384.6,8383,8383.85,7200
1/23/2017,12:13:00,8383.85,8384.9,8383,8384.1,7725
1/23/2017,12:14:00,8384,8384.8,8383.2,8384.8,11250
1/23/2017,12:15:00,8384.8,8384.9,8381.7,8381.7,7650
1/23/2017,12:16:00,8381.7,8382.15,8380.3,8381,20550
1/23/2017,12:17:00,8379,8380.8,8378.5,8379.05,20400
1/23/2017,12:18:00,8378.6,8379.5,8378.5,8378.65,18225
1/23/2017,12:19:00,8379.95,8380,8379,8380,17925
1/23/2017,12:20:00,8381.35,8383,8380.2,8381.85,16500
1/23/2017,12:21:00,8382,8382.75,8381.35,8381.6,14775
1/23/2017,12:22:00,8379.95,8381,8379.05,8381,30900
1/23/2017,12:23:00,8382,8383.95,8381,8383.95,15675
1/23/2017,12:24:00,8383.95,8383.95,8379,8379.6,13200
1/23/2017,12:25:00,8380,8381,8379,8380,11475
1/23/2017,12:26:00,8381.2,8382.5,8381.2,8381.7,13350
1/23/2017,12:27:00,8381.7,8382.4,8381,8381,12525
1/23/2017,12:28:00,8381.8,8381.8,8380.2,8381.5,11400
1/23/2017,12:29:00,8381.5,8381.6,8380.05,8380.05,14550
1/23/2017,12:30:00,8380.05,8381.05,8379,8379.6,7950
1/23/2017,12:31:00,8379.6,8380.4,8379.05,8380.05,17850
1/23/2017,12:32:00,8379.2,8380.95,8374,8374.5,130050
1/23/2017,12:33:00,8373.6,8375.55,8372.2,8375.25,24375
1/23/2017,12:34:00,8375.1,8375.5,8371.05,8373.15,40800
1/23/2017,12:35:00,8373.1,8374.95,8372.8,8373.3,22275
1/23/2017,12:36:00,8373.3,8378.15,8373.3,8376,30525
1/23/2017,12:37:00,8376.6,8377.8,8375,8377.25,16650
1/23/2017,12:38:00,8377.05,8377.95,8375.15,8376.05,24300
1/23/2017,12:39:00,8376.05,8377.9,8375.2,8377.4,12075
1/23/2017,12:40:00,8377.4,8377.6,8375,8375,24675
1/23/2017,12:41:00,8375,8375.9,8371.65,8372.55,27900
1/23/2017,12:42:00,8373.75,8374.05,8371.65,8371.65,18750
1/23/2017,12:43:00,8371.85,8371.85,8366.55,8367.1,69000
1/23/2017,12:44:00,8368.05,8372.35,8367.65,8371.9,28275
1/23/2017,12:45:00,8371.95,8372.9,8370.5,8371.95,19500
1/23/2017,12:46:00,8372,8372.5,8368.9,8369.05,18000
1/23/2017,12:47:00,8370,8370.8,8369.85,8370,6975
1/23/2017,12:48:00,8370,8370.95,8368.3,8368.3,18150
1/23/2017,12:49:00,8368.1,8370.9,8366.45,8370.9,23775
1/23/2017,12:50:00,8370.8,8370.8,8365.6,8365.6,24300
1/23/2017,12:51:00,8365.65,8367.1,8365,8366.8,32025
1/23/2017,12:52:00,8367.55,8369.35,8367.55,8368.75,15000
1/23/2017,12:53:00,8369.8,8369.8,8368.1,8368.85,16800
1/23/2017,12:54:00,8367.35,8370,8367.35,8370,25875
1/23/2017,12:55:00,8370,8371.05,8369.3,8370.05,12450
1/23/2017,12:56:00,8371.85,8371.85,8368.2,8369.45,14625
1/23/2017,12:57:00,8366.8,8368.1,8366.3,8367.95,9450
1/23/2017,12:58:00,8367.3,8367.5,8365.5,8367.35,46200
1/23/2017,12:59:00,8367.35,8367.35,8365.2,8365.7,27900
1/23/2017,13:00:00,8365.8,8371.15,8365.8,8370.5,24075
1/23/2017,13:01:00,8367.45,8367.8,8366.2,8367.05,14250
1/23/2017,13:02:00,8368.4,8368.4,8367.3,8367.95,11325
1/23/2017,13:03:00,8367,8368.25,8367,8367.65,16200
1/23/2017,13:04:00,8371.8,8373.5,8371.65,8373.4,22575
1/23/2017,13:05:00,8373.4,8376.5,8373.3,8376,65775
1/23/2017,13:06:00,8374,8374,8373,8373,15300
1/23/2017,13:07:00,8373.85,8376.6,8373.85,8376.2,17175
1/23/2017,13:08:00,8376.1,8377.5,8375.5,8377.5,28950
1/23/2017,13:09:00,8377.5,8377.5,8372,8372,24975
1/23/2017,13:10:00,8372,8375.85,8371.05,8375.85,17625
1/23/2017,13:11:00,8375.85,8375.9,8372.15,8372.15,14100
1/23/2017,13:12:00,8373.65,8375,8372.45,8372.7,22950
1/23/2017,13:13:00,8372.7,8375,8371.7,8374.95,14925
1/23/2017,13:14:00,8374.05,8375,8373,8373,11100
1/23/2017,13:15:00,8374.15,8374.15,8372.65,8373.15,194100
1/23/2017,13:16:00,8372.5,8372.9,8371.6,8372.4,12150
1/23/2017,13:17:00,8372,8373.05,8371.5,8372.15,9525
1/23/2017,13:18:00,8371.1,8372,8370.95,8370.95,21225
1/23/2017,13:19:00,8370.95,8372.65,8370.45,8372.55,66825
1/23/2017,13:20:00,8371.05,8376.5,8370.75,8376.05,48975
1/23/2017,13:21:00,8375.9,8376,8372.5,8373.85,11625
1/23/2017,13:22:00,8373.85,8374,8373.1,8374,6225
1/23/2017,13:23:00,8374.75,8376.35,8373.95,8376.35,9675
1/23/2017,13:24:00,8375.75,8376.9,8375.35,8376.9,11100
1/23/2017,13:25:00,8375.65,8377.25,8375.45,8377,12300
1/23/2017,13:26:00,8376.95,8377.9,8376.5,8377.6,27600
1/23/2017,13:27:00,8377.6,8377.6,8376.5,8377.15,35775
1/23/2017,13:28:00,8375.55,8376,8375.5,8376,12900
1/23/2017,13:29:00,8375.5,8375.95,8374,8374,13875
1/23/2017,13:30:00,8372.5,8372.55,8371.3,8372.55,16275
1/23/2017,13:31:00,8372.85,8374,8371.4,8371.65,13500
1/23/2017,13:32:00,8370,8371.05,8368,8368.1,19725
1/23/2017,13:33:00,8368.3,8370.95,8367.5,8369.75,19800
1/23/2017,13:34:00,8369.75,8371.45,8368.85,8370,7800
1/23/2017,13:35:00,8369,8370.45,8366.8,8370.45,18450
1/23/2017,13:36:00,8370.45,8370.45,8367,8367.5,15675
1/23/2017,13:37:00,8367.5,8367.6,8365.2,8367.5,27900
1/23/2017,13:38:00,8367.5,8369.65,8365.8,8366.85,13125
1/23/2017,13:39:00,8366.65,8368,8366.3,8367.4,14775
1/23/2017,13:40:00,8366.8,8366.9,8362.35,8362.35,42300
1/23/2017,13:41:00,8362.25,8364.85,8361,8363.15,23175
1/23/2017,13:42:00,8362.25,8364,8362,8362,26700
1/23/2017,13:43:00,8362.1,8364.6,8361.65,8361.65,32850
1/23/2017,13:44:00,8360.85,8362.2,8360.4,8361.75,27075
1/23/2017,13:45:00,8361.75,8363.7,8361.75,8362.5,8775
1/23/2017,13:46:00,8362.1,8364.45,8362.1,8364,17400
1/23/2017,13:47:00,8364,8368.75,8364,8367.65,10200
1/23/2017,13:48:00,8367.8,8368,8366,8368,20925
1/23/2017,13:49:00,8368.4,8370,8366.5,8370,27825
1/23/2017,13:50:00,8369.65,8371.65,8367.75,8368.5,28875
1/23/2017,13:51:00,8368.8,8369.4,8366.15,8367,12300
1/23/2017,13:52:00,8367.2,8367.45,8364.9,8365.65,17850
1/23/2017,13:53:00,8365.15,8367.5,8364.85,8365.35,15600
1/23/2017,13:54:00,8367,8367,8365.5,8366.05,12900
1/23/2017,13:55:00,8366.95,8367.2,8365.55,8365.55,21225
1/23/2017,13:56:00,8365.5,8368.5,8365.5,8368.5,13350
1/23/2017,13:57:00,8368.1,8371,8368.1,8371,16650
1/23/2017,13:58:00,8369.35,8369.35,8368.1,8368.7,11175
1/23/2017,13:59:00,8368.7,8368.7,8366.15,8366.25,12525
1/23/2017,14:00:00,8366.25,8368.75,8365.55,8368.75,10800
1/23/2017,14:01:00,8366.25,8367.95,8366.1,8366.85,28950
1/23/2017,14:02:00,8369.5,8369.5,8368.1,8368.1,29475
1/23/2017,14:03:00,8368.55,8369.6,8368.55,8368.95,15825
1/23/2017,14:04:00,8368.9,8370,8368.9,8370,4275
1/23/2017,14:05:00,8373.3,8373.65,8370.55,8370.55,20475
1/23/2017,14:06:00,8370.55,8373.15,8369.6,8372.15,32400
1/23/2017,14:07:00,8373.95,8375.4,8373.95,8374.55,37575
1/23/2017,14:08:00,8373.55,8374.2,8372.65,8373.35,14850
1/23/2017,14:09:00,8373.2,8373.7,8372.25,8373.4,11400
1/23/2017,14:10:00,8379.1,8382.9,8378.85,8378.85,80250
1/23/2017,14:11:00,8379.9,8379.9,8377.55,8378.5,23175
1/23/2017,14:12:00,8378,8378.9,8377.2,8378.9,16350
1/23/2017,14:13:00,8378.55,8379.45,8377.5,8378,15375
1/23/2017,14:14:00,8378,8380.9,8378,8378.8,16275
1/23/2017,14:15:00,8378.95,8379,8377.55,8377.95,20325
1/23/2017,14:16:00,8378.4,8378.9,8377.5,8378.4,14175
1/23/2017,14:17:00,8376.95,8376.95,8375.05,8375.05,25050
1/23/2017,14:18:00,8373.6,8373.95,8373.05,8373.55,20550
1/23/2017,14:19:00,8373.6,8373.6,8372.2,8372.2,7425
1/23/2017,14:20:00,8374,8375,8373.85,8374,12225
1/23/2017,14:21:00,8374.35,8374.9,8373.1,8373.65,8175
1/23/2017,14:22:00,8375.5,8377.4,8375.5,8376.45,18300
1/23/2017,14:23:00,8377.45,8381,8377.45,8380.4,27375
1/23/2017,14:24:00,8379,8381,8379,8380.55,17025
1/23/2017,14:25:00,8382.9,8382.9,8381.15,8381.6,30900
1/23/2017,14:26:00,8381.6,8381.9,8380.2,8380.5,34200
1/23/2017,14:27:00,8380.5,8382.05,8379.8,8379.8,15000
1/23/2017,14:28:00,8380,8380,8378.4,8378.4,9825
1/23/2017,14:29:00,8378.4,8382.55,8377.35,8377.35,27000
1/23/2017,14:30:00,8376.9,8377.85,8375.2,8376.4,33300
1/23/2017,14:31:00,8376.4,8377.9,8375.15,8375.35,25725
1/23/2017,14:32:00,8375.35,8378,8375,8375,15525
1/23/2017,14:33:00,8375,8375.25,8374,8374.95,11625
1/23/2017,14:34:00,8374.95,8378.4,8374.6,8376.6,27000
1/23/2017,14:35:00,8376.6,8377.9,8374.4,8376.8,19275
1/23/2017,14:36:00,8376.55,8377.9,8376.1,8377.5,31050
1/23/2017,14:37:00,8377.5,8378.4,8375.7,8376.05,22275
1/23/2017,14:38:00,8376.85,8377.8,8376.15,8377.25,16125
1/23/2017,14:39:00,8379.6,8382,8379.15,8379.15,23700
1/23/2017,14:40:00,8379.15,8380.9,8378,8380.45,30450
1/23/2017,14:41:00,8380.4,8381.6,8379.9,8381.6,18675
1/23/2017,14:42:00,8382,8382.5,8380.6,8382.5,31275
1/23/2017,14:43:00,8379.9,8381.3,8379.3,8380.25,36975
1/23/2017,14:44:00,8380.4,8380.9,8379.15,8380.9,15825
1/23/2017,14:45:00,8380.55,8382.1,8380.45,8381.6,18225
1/23/2017,14:46:00,8382,8388.4,8382,8387.15,54525
1/23/2017,14:47:00,8388,8391.9,8388,8389,126000
1/23/2017,14:48:00,8390.55,8391.95,8388.7,8389.15,114000
1/23/2017,14:49:00,8389.15,8392.7,8388.9,8389.9,40575
1/23/2017,14:50:00,8389.75,8390,8385.7,8385.7,36675
1/23/2017,14:51:00,8384.4,8387,8384.4,8384.65,20925
1/23/2017,14:52:00,8384.65,8386.9,8384.65,8385.05,15075
1/23/2017,14:53:00,8385,8388.5,8384.45,8386.7,39600
1/23/2017,14:54:00,8386.9,8387.35,8385,8385,17400
1/23/2017,14:55:00,8389.25,8392.55,8388.3,8391.55,47400
1/23/2017,14:56:00,8391.85,8391.85,8389.5,8391.1,29700
1/23/2017,14:57:00,8391.1,8391.6,8390.15,8390.65,33450
1/23/2017,14:58:00,8390.9,8393.75,8389.5,8390.9,44100
1/23/2017,14:59:00,8390.5,8391,8389.05,8389.5,42525
1/23/2017,15:00:00,8389.5,8394,8389.5,8393.35,35625
1/23/2017,15:01:00,8393.4,8394.95,8392.2,8394.3,45900
1/23/2017,15:02:00,8394,8394,8390.6,8390.6,20025
1/23/2017,15:03:00,8390.65,8392,8389.05,8391.05,41250
1/23/2017,15:04:00,8391.05,8394,8391.05,8393.8,40650
1/23/2017,15:05:00,8393.8,8394.1,8392,8392.7,20250
1/23/2017,15:06:00,8393.5,8393.5,8391.85,8391.9,23850
1/23/2017,15:07:00,8391.6,8391.65,8390.75,8391.25,39450
1/23/2017,15:08:00,8391.4,8391.95,8390,8390,30525
1/23/2017,15:09:00,8390.1,8390.5,8388.55,8388.55,28350
1/23/2017,15:10:00,8392,8392.9,8390.55,8391.45,34500
1/23/2017,15:11:00,8392.7,8392.8,8390.55,8391.55,36300
1/23/2017,15:12:00,8394.3,8396.95,8394.3,8396.2,75450
1/23/2017,15:13:00,8396.05,8397.75,8396.05,8397,59925
1/23/2017,15:14:00,8397,8399,8396.5,8399,40200
1/23/2017,15:15:00,8399,8400,8398,8399,63150
1/23/2017,15:16:00,8399,8405.85,8398.15,8405.85,164250
1/23/2017,15:17:00,8405.25,8407,8403.9,8403.9,78300
1/23/2017,15:18:00,8404.25,8407.4,8402.95,8407.4,44625
1/23/2017,15:19:00,8406,8406.15,8405.05,8405.7,59025
1/23/2017,15:20:00,8407.6,8408.95,8407,8407.75,85725
1/23/2017,15:21:00,8406.4,8406.7,8405.1,8406.1,76425
1/23/2017,15:22:00,8406.45,8408.35,8405.6,8407.25,101775
1/23/2017,15:23:00,8407,8408.4,8406.8,8407.95,53475
1/23/2017,15:24:00,8409.6,8409.7,8408.85,8408.85,68550
1/23/2017,15:25:00,8409.2,8409.35,8408.5,8408.95,38250
1/23/2017,15:26:00,8408.75,8411.6,8408.7,8411.2,72975
1/23/2017,15:27:00,8411.15,8411.15,8409.6,8409.6,80700
1/23/2017,15:28:00,8410.2,8410.2,8408.6,8409.6,72375
1/23/2017,15:29:00,8409.7,8410.95,8409.15,8410.95,73875
1/23/2017,15:30:00,8410.6,8410.6,8410.6,8410.6,750
1/24/2017,09:15:00,8424.95,8431.2,8416,8425.75,219600
1/24/2017,09:16:00,8425.95,8426.9,8425,8426.25,70425
1/24/2017,09:17:00,8426.5,8426.5,8423.9,8423.9,65025
1/24/2017,09:18:00,8423.95,8427.35,8423.95,8426.35,36000
1/24/2017,09:19:00,8426,8428.45,8425.55,8428,43650
1/24/2017,09:20:00,8428,8430,8427.1,8427.15,41400
1/24/2017,09:21:00,8430.95,8432.45,8428.1,8430,54225
1/24/2017,09:22:00,8432.1,8433.45,8430,8430,46050
1/24/2017,09:23:00,8432.65,8436.9,8432.35,8434.75,66975
1/24/2017,09:24:00,8434.3,8434.55,8432.15,8432.15,84450
1/24/2017,09:25:00,8435,8435.5,8433.15,8434.6,46125
1/24/2017,09:26:00,8434.15,8434.9,8433,8434,47400
1/24/2017,09:27:00,8434,8434.8,8430,8431.05,63750
1/24/2017,09:28:00,8431,8431.65,8429.5,8430.6,53175
1/24/2017,09:29:00,8430.6,8433,8429.9,8432.95,37275
1/24/2017,09:30:00,8432.35,8438,8432.35,8437.05,70875
1/24/2017,09:31:00,8437.05,8439.9,8437,8437,57825
1/24/2017,09:32:00,8437.05,8439.2,8437,8438.5,67050
1/24/2017,09:33:00,8438.5,8438.95,8437,8437,46125
1/24/2017,09:34:00,8437.15,8438,8437,8437.5,33225
1/24/2017,09:35:00,8438,8441.35,8437.5,8439.9,70575
1/24/2017,09:36:00,8439.5,8439.55,8436.55,8436.95,24825
1/24/2017,09:37:00,8436.95,8437,8434,8434,45075
1/24/2017,09:38:00,8434,8436.85,8434,8434.85,36375
1/24/2017,09:39:00,8435.1,8435.45,8433.05,8433.55,30975
1/24/2017,09:40:00,8433.9,8434.8,8431.95,8434,34800
1/24/2017,09:41:00,8434.05,8434.65,8433,8433.85,23475
1/24/2017,09:42:00,8433.95,8433.95,8431.5,8431.9,24900
1/24/2017,09:43:00,8431.5,8434.05,8431.5,8433,26325
1/24/2017,09:44:00,8434.9,8435,8433.5,8434.05,18150
1/24/2017,09:45:00,8434.65,8434.7,8433.55,8434,15975
1/24/2017,09:46:00,8434,8435,8432.65,8433,10500
1/24/2017,09:47:00,8432.25,8432.65,8431,8431.8,16650
1/24/2017,09:48:00,8431.8,8432.6,8430.05,8430.6,15825
1/24/2017,09:49:00,8430.8,8430.8,8427.8,8428.3,40650
1/24/2017,09:50:00,8428.3,8429.8,8426.25,8428.15,27975
1/24/2017,09:51:00,8428.5,8429.2,8426.6,8429.15,26700
1/24/2017,09:52:00,8428.8,8431.5,8428,8431.5,150375
1/24/2017,09:53:00,8431.5,8431.6,8430.1,8431.5,25125
1/24/2017,09:54:00,8431.5,8432,8430,8431.4,19800
1/24/2017,09:55:00,8431,8432.15,8430.8,8432.15,18375
1/24/2017,09:56:00,8432.2,8433.95,8431.85,8433.2,13875
1/24/2017,09:57:00,8433.2,8435,8432.7,8435,31275
1/24/2017,09:58:00,8435,8436.3,8434.95,8435.2,17475
1/24/2017,09:59:00,8435.2,8435.75,8433.95,8434,16800
1/24/2017,10:00:00,8434,8434.5,8432.45,8433.9,13350
1/24/2017,10:01:00,8433.95,8434.75,8432.95,8433.55,10725
1/24/2017,10:02:00,8433.55,8434.6,8433,8433.7,21900
1/24/2017,10:03:00,8433.7,8435.55,8433,8435.15,25350
1/24/2017,10:04:00,8435.3,8435.45,8433.8,8434.9,24150
1/24/2017,10:05:00,8434.55,8435.55,8434,8435,49425
1/24/2017,10:06:00,8435,8436.65,8434.95,8436,27300
1/24/2017,10:07:00,8436,8436.85,8435.6,8436.65,16500
1/24/2017,10:08:00,8435.85,8438.95,8435.6,8438.95,30075
1/24/2017,10:09:00,8438.5,8440.1,8438.4,8439.2,43050
1/24/2017,10:10:00,8439.95,8440.95,8437.9,8438,23475
1/24/2017,10:11:00,8438,8438.5,8437,8437.05,15525
1/24/2017,10:12:00,8438,8439.5,8437.4,8439.5,18975
1/24/2017,10:13:00,8439,8440,8438.75,8439.95,44550
1/24/2017,10:14:00,8439.95,8440,8438,8438.1,19125
1/24/2017,10:15:00,8439.05,8443.8,8439.05,8443,73350
1/24/2017,10:16:00,8443.55,8446,8443.5,8445.7,97125
1/24/2017,10:17:00,8445.7,8448,8445.05,8446.5,83550
1/24/2017,10:18:00,8446.3,8446.3,8444.1,8445.25,21375
1/24/2017,10:19:00,8444.55,8444.95,8443.5,8444.4,36900
1/24/2017,10:20:00,8444,8446.85,8443.5,8443.5,26400
1/24/2017,10:21:00,8444,8445,8443.5,8443.7,35100
1/24/2017,10:22:00,8442.4,8442.5,8442,8442.1,18825
1/24/2017,10:23:00,8442.1,8444.8,8442.1,8444,46725
1/24/2017,10:24:00,8444,8444,8442,8442.1,102750
1/24/2017,10:25:00,8442.1,8442.45,8440.1,8440.6,18375
1/24/2017,10:26:00,8440,8441.05,8439.25,8440.5,55425
1/24/2017,10:27:00,8440.5,8441.7,8439.65,8440.35,49725
1/24/2017,10:28:00,8440.35,8442,8440,8441,90075
1/24/2017,10:29:00,8441,8441.45,8439,8439.1,30975
1/24/2017,10:30:00,8439.1,8440.05,8438.7,8439.35,17700
1/24/2017,10:31:00,8439.35,8439.9,8438,8438,40275
1/24/2017,10:32:00,8438.1,8438.2,8435.55,8435.9,32475
1/24/2017,10:33:00,8435.5,8439.15,8435.4,8438,29400
1/24/2017,10:34:00,8438,8438.25,8437.1,8437.5,18975
1/24/2017,10:35:00,8437.5,8440.15,8437.5,8440.15,43500
1/24/2017,10:36:00,8440.15,8440.15,8437.5,8438.65,42525
1/24/2017,10:37:00,8438.6,8439.95,8437,8439.95,23850
1/24/2017,10:38:00,8439.95,8439.95,8438.5,8438.5,15825
1/24/2017,10:39:00,8438.9,8438.95,8437.3,8437.75,19800
1/24/2017,10:40:00,8437.35,8438.9,8436.5,8437.55,10350
1/24/2017,10:41:00,8437.55,8439,8436.55,8438.95,34125
1/24/2017,10:42:00,8438.95,8439.95,8438.9,8439.95,13425
1/24/2017,10:43:00,8441,8441.3,8440,8440.85,50100
1/24/2017,10:44:00,8441,8441.7,8439.4,8441,62100
1/24/2017,10:45:00,8441.4,8443.55,8441,8442.05,41250
1/24/2017,10:46:00,8442.95,8443.5,8441.6,8442,19050
1/24/2017,10:47:00,8441.75,8443.9,8441.6,8443.5,31950
1/24/2017,10:48:00,8442.25,8444.35,8442.05,8443,37950
1/24/2017,10:49:00,8443.05,8443.85,8442.05,8442.5,22050
1/24/2017,10:50:00,8442.5,8444.8,8442.05,8444,19425
1/24/2017,10:51:00,8444,8450,8443,8448.3,54900
1/24/2017,10:52:00,8449.1,8449.1,8446,8446.5,21075
1/24/2017,10:53:00,8446.95,8446.95,8445.2,8446.15,9000
1/24/2017,10:54:00,8446.15,8447,8445.35,8445.6,39750
1/24/2017,10:55:00,8446.25,8447,8445.4,8446.6,27675
1/24/2017,10:56:00,8446.6,8446.7,8445.9,8446,14175
1/24/2017,10:57:00,8446,8447.9,8445.9,8447.9,12675
1/24/2017,10:58:00,8447.9,8447.95,8445.3,8446.65,37350
1/24/2017,10:59:00,8445.6,8446.8,8445.05,8446.75,34725
1/24/2017,11:00:00,8447,8447.8,8445.5,8445.5,15825
1/24/2017,11:01:00,8445.5,8446.7,8445.5,8446,30000
1/24/2017,11:02:00,8446,8446,8444.1,8444.35,11100
1/24/2017,11:03:00,8444.1,8444.1,8442.1,8443,49650
1/24/2017,11:04:00,8443.05,8443.5,8441.55,8442.7,65700
1/24/2017,11:05:00,8442.7,8443,8441.5,8441.5,25275
1/24/2017,11:06:00,8441.5,8443.25,8441.5,8442,18150
1/24/2017,11:07:00,8442.05,8443.5,8441.65,8442.5,30525
1/24/2017,11:08:00,8442.5,8445,8442.2,8444.4,46950
1/24/2017,11:09:00,8444.4,8445.45,8443.9,8445.15,49800
1/24/2017,11:10:00,8445.15,8445.5,8443.8,8445.5,27150
1/24/2017,11:11:00,8445.4,8446,8444.75,8445.5,52875
1/24/2017,11:12:00,8444.05,8445,8444.05,8445,44625
1/24/2017,11:13:00,8445.05,8447.9,8444.35,8446.05,131700
1/24/2017,11:14:00,8446.75,8449,8446.75,8448.35,13875
1/24/2017,11:15:00,8448,8448.3,8447,8448.05,46875
1/24/2017,11:16:00,8447,8447.45,8445.8,8445.8,39000
1/24/2017,11:17:00,8444.85,8445.15,8443.5,8444.1,36825
1/24/2017,11:18:00,8444.1,8445.25,8444,8445.25,15375
1/24/2017,11:19:00,8445.25,8445.25,8443.65,8444,12300
1/24/2017,11:20:00,8444,8444,8443,8443,21075
1/24/2017,11:21:00,8443,8444.05,8443,8443.95,21225
1/24/2017,11:22:00,8443.95,8444,8443,8443,19950
1/24/2017,11:23:00,8443,8443.8,8441.75,8442.05,39525
1/24/2017,11:24:00,8443,8443.15,8441.7,8442,22350
1/24/2017,11:25:00,8442.3,8444.15,8442.3,8443.8,21150
1/24/2017,11:26:00,8443.8,8444.75,8443.8,8444.05,8700
1/24/2017,11:27:00,8444.05,8444.9,8442.05,8442.05,29100
1/24/2017,11:28:00,8442.05,8442.5,8438,8438.5,66525
1/24/2017,11:29:00,8439,8441.05,8438.5,8440.9,26025
1/24/2017,11:30:00,8440.2,8443.65,8440.05,8443.65,25500
1/24/2017,11:31:00,8442.25,8444.8,8442.2,8444.5,31500
1/24/2017,11:32:00,8444,8444.1,8441.05,8441.85,23400
1/24/2017,11:33:00,8442.55,8443.8,8440.8,8440.8,17475
1/24/2017,11:34:00,8440.8,8442,8440.8,8441.5,8325
1/24/2017,11:35:00,8441.5,8442,8440,8441,11850
1/24/2017,11:36:00,8441,8441.9,8440.15,8441.6,11550
1/24/2017,11:37:00,8441.6,8441.6,8437.7,8437.7,14775
1/24/2017,11:38:00,8437.5,8437.5,8436,8436.35,31275
1/24/2017,11:39:00,8436.35,8436.85,8435.1,8435.5,19500
1/24/2017,11:40:00,8436.55,8439.7,8436.55,8438.15,23475
1/24/2017,11:41:00,8438.15,8439.4,8438.15,8438.9,40800
1/24/2017,11:42:00,8438.55,8440.65,8438.55,8440.65,17025
1/24/2017,11:43:00,8440.1,8441.1,8439.2,8440.45,13875
1/24/2017,11:44:00,8440.35,8440.35,8438.1,8438.4,76275
1/24/2017,11:45:00,8438.4,8439,8437.5,8438,29025
1/24/2017,11:46:00,8438,8438.9,8437.4,8438.05,20400
1/24/2017,11:47:00,8438.95,8438.95,8438,8438.45,21900
1/24/2017,11:48:00,8437.9,8439.75,8437.55,8439.75,27075
1/24/2017,11:49:00,8438.75,8440,8438.55,8439.45,9150
1/24/2017,11:50:00,8440,8441.95,8439.95,8440.7,14775
1/24/2017,11:51:00,8442.05,8442.2,8441.9,8442,28800
1/24/2017,11:52:00,8442.9,8443.5,8442.35,8443.5,8100
1/24/2017,11:53:00,8443.5,8444,8442.3,8442.85,52425
1/24/2017,11:54:00,8442.85,8443.85,8442.25,8443,12000
1/24/2017,11:55:00,8443,8443.75,8441.1,8442.2,17475
1/24/2017,11:56:00,8442.2,8443.7,8441.6,8443.2,8400
1/24/2017,11:57:00,8443.2,8443.7,8442.85,8442.95,19200
1/24/2017,11:58:00,8442.95,8443.85,8442.95,8443.5,12525
1/24/2017,11:59:00,8443.5,8444.05,8443,8443,11625
1/24/2017,12:00:00,8444.25,8444.95,8443,8444.35,19800
1/24/2017,12:01:00,8444.35,8444.45,8443,8444.45,11175
1/24/2017,12:02:00,8444,8445,8442.35,8445,14925
1/24/2017,12:03:00,8444.95,8446.9,8444.05,8445.25,41400
1/24/2017,12:04:00,8445.25,8447.3,8444.95,8444.95,26250
1/24/2017,12:05:00,8444.95,8446.05,8443.65,8444,20700
1/24/2017,12:06:00,8444,8444.45,8443,8444,11250
1/24/2017,12:07:00,8444,8444.45,8442,8442,4275
1/24/2017,12:08:00,8443,8443,8441.55,8442.85,24000
1/24/2017,12:09:00,8443,8444.35,8442.65,8443.05,7650
1/24/2017,12:10:00,8443.9,8444.1,8443.3,8443.95,12975
1/24/2017,12:11:00,8443.95,8443.95,8442.1,8442.1,6075
1/24/2017,12:12:00,8442.9,8444,8442.05,8443.45,25650
1/24/2017,12:13:00,8442.55,8443.7,8442.45,8443.7,13200
1/24/2017,12:14:00,8443.7,8443.9,8442.55,8443,11400
1/24/2017,12:15:00,8443,8443.8,8442.05,8442.2,11250
1/24/2017,12:16:00,8442.2,8445,8442.05,8444.1,24975
1/24/2017,12:17:00,8444.4,8445.45,8443.15,8443.15,16950
1/24/2017,12:18:00,8443.15,8443.15,8442,8442,14175
1/24/2017,12:19:00,8442,8443.6,8442,8443.6,9300
1/24/2017,12:20:00,8443.6,8444,8443.1,8443.2,4050
1/24/2017,12:21:00,8443.35,8444.25,8443.35,8443.8,13425
1/24/2017,12:22:00,8444.5,8445,8444,8445,37650
1/24/2017,12:23:00,8445,8445.1,8442.95,8442.95,15675
1/24/2017,12:24:00,8442.95,8443.75,8442.35,8443,12750
1/24/2017,12:25:00,8443,8444.3,8442.75,8442.95,25125
1/24/2017,12:26:00,8443.45,8443.8,8443.45,8443.65,78825
1/24/2017,12:27:00,8443.85,8443.95,8442.75,8442.85,23925
1/24/2017,12:28:00,8442.85,8444.45,8442.75,8443.95,10875
1/24/2017,12:29:00,8444.7,8444.95,8443.25,8443.5,13200
1/24/2017,12:30:00,8443.5,8446.3,8443.5,8445.55,18900
1/24/2017,12:31:00,8445.55,8446.05,8443.25,8443.25,16875
1/24/2017,12:32:00,8443.25,8445.05,8443,8444.7,11100
1/24/2017,12:33:00,8444.7,8444.75,8444,8444,13350
1/24/2017,12:34:00,8444,8445.8,8444,8445.5,27300
1/24/2017,12:35:00,8445.5,8445.5,8444.15,8444.15,9600
1/24/2017,12:36:00,8444.15,8445.1,8444,8444.5,5925
1/24/2017,12:37:00,8444.5,8446.6,8443.45,8446.6,14250
1/24/2017,12:38:00,8447.2,8450,8446.5,8447.45,35625
1/24/2017,12:39:00,8447.45,8449.65,8446.7,8446.7,12750
1/24/2017,12:40:00,8447.6,8449,8447.6,8448.7,12375
1/24/2017,12:41:00,8448.15,8448.15,8445.35,8446.15,18450
1/24/2017,12:42:00,8446.15,8447.2,8445.6,8447,9300
1/24/2017,12:43:00,8445.45,8446.95,8445.45,8446.95,8250
1/24/2017,12:44:00,8446.95,8447.2,8446.05,8446.55,4800
1/24/2017,12:45:00,8446.55,8446.55,8444,8445.05,29325
1/24/2017,12:46:00,8445.05,8445.65,8444,8444,18075
1/24/2017,12:47:00,8444,8445.75,8444,8444.15,13650
1/24/2017,12:48:00,8444.15,8445.2,8443.65,8444,6675
1/24/2017,12:49:00,8444,8444.55,8441.55,8442.45,20625
1/24/2017,12:50:00,8442.45,8444,8441.1,8444,15375
1/24/2017,12:51:00,8444,8444.3,8442.65,8442.7,31275
1/24/2017,12:52:00,8442.7,8443.9,8441.95,8441.95,31125
1/24/2017,12:53:00,8441.95,8442.9,8441.2,8441.9,35325
1/24/2017,12:54:00,8441.9,8442,8436.75,8438.75,65025
1/24/2017,12:55:00,8440.25,8441.2,8439,8439.2,101625
1/24/2017,12:56:00,8438,8439.2,8437,8438.85,31950
1/24/2017,12:57:00,8437.6,8439.55,8437.35,8438.5,29550
1/24/2017,12:58:00,8439.1,8439.9,8438.5,8439.4,37875
1/24/2017,12:59:00,8440.5,8441.75,8440,8440.5,65025
1/24/2017,13:00:00,8440.5,8440.85,8438.9,8440.55,19725
1/24/2017,13:01:00,8440.55,8441.75,8439.25,8440.05,25725
1/24/2017,13:02:00,8440.05,8441.75,8439.2,8440.75,25575
1/24/2017,13:03:00,8441,8441.35,8438.8,8440,25425
1/24/2017,13:04:00,8439.65,8442.1,8439.05,8442,29400
1/24/2017,13:05:00,8442,8442.95,8440.6,8442.95,10650
1/24/2017,13:06:00,8442.4,8442.4,8441.15,8441.15,4875
1/24/2017,13:07:00,8441.4,8442,8440.5,8440.5,10125
1/24/2017,13:08:00,8440.5,8441,8439.35,8439.55,19725
1/24/2017,13:09:00,8439.55,8441.3,8438.7,8439.2,10875
1/24/2017,13:10:00,8440,8440,8435.35,8435.35,25800
1/24/2017,13:11:00,8435.75,8438.2,8435.5,8437.55,29175
1/24/2017,13:12:00,8437.95,8440.45,8437.15,8439.95,31575
1/24/2017,13:13:00,8439.15,8440.4,8438.5,8438.9,15450
1/24/2017,13:14:00,8438.9,8441.05,8437.15,8440,16725
1/24/2017,13:15:00,8441.35,8441.35,8437.5,8437.9,22125
1/24/2017,13:16:00,8437.9,8439.2,8436,8436.95,331800
1/24/2017,13:17:00,8436.95,8437.35,8436.5,8436.65,13275
1/24/2017,13:18:00,8436,8438.45,8436,8438.45,20250
1/24/2017,13:19:00,8438.45,8438.75,8437,8438,9825
1/24/2017,13:20:00,8438,8438.95,8437.05,8438.95,9300
1/24/2017,13:21:00,8438.65,8441.5,8438.65,8441.5,15000
1/24/2017,13:22:00,8440.85,8442,8440.15,8441,7875
